INSERT INTO post (category_id, view_count, like_num, deleted, created_at, updated_at) VALUES (5, 85, 40, FALSE, '2024-08-29 18:31:36.620514', '2024-08-29 18:31:36.620514');
INSERT INTO post (category_id, view_count, like_num, deleted, created_at, updated_at) VALUES (4, 87, 12, FALSE, '2024-09-05 17:12:36.620648', '2024-09-05 17:12:36.620648');
INSERT INTO post (category_id, view_count, like_num, deleted, created_at, updated_at) VALUES (2, 42, 45, FALSE, '2024-09-03 09:48:36.620697', '2024-09-03 09:48:36.620697');
INSERT INTO post (category_id, view_count, like_num, deleted, created_at, updated_at) VALUES (3, 38, 27, FALSE, '2024-09-16 15:04:36.620712', '2024-09-16 15:04:36.620712');
INSERT INTO post (category_id, view_count, like_num, deleted, created_at, updated_at) VALUES (2, 77, 48, FALSE, '2024-09-02 18:54:36.620762', '2024-09-02 18:54:36.620762');
INSERT INTO post (category_id, view_count, like_num, deleted, created_at, updated_at) VALUES (5, 53, 32, FALSE, '2024-08-20 18:33:36.620805', '2024-08-20 18:33:36.620805');
INSERT INTO post (category_id, view_count, like_num, deleted, created_at, updated_at) VALUES (3, 63, 19, FALSE, '2024-09-18 21:43:36.620818', '2024-09-18 21:43:36.620818');
INSERT INTO post (category_id, view_count, like_num, deleted, created_at, updated_at) VALUES (2, 87, 29, FALSE, '2024-09-13 12:34:36.620864', '2024-09-13 12:34:36.620864');
INSERT INTO post (category_id, view_count, like_num, deleted, created_at, updated_at) VALUES (5, 68, 14, FALSE, '2024-08-28 17:08:36.620918', '2024-08-28 17:08:36.620918');
INSERT INTO post (category_id, view_count, like_num, deleted, created_at, updated_at) VALUES (3, 33, 7, FALSE, '2024-08-24 06:30:36.621037', '2024-08-24 06:30:36.621037');
INSERT INTO post (category_id, view_count, like_num, deleted, created_at, updated_at) VALUES (5, 89, 35, FALSE, '2024-08-23 13:43:36.621073', '2024-08-23 13:43:36.621073');
INSERT INTO post (category_id, view_count, like_num, deleted, created_at, updated_at) VALUES (3, 85, 26, FALSE, '2024-09-12 22:01:36.621183', '2024-09-12 22:01:36.621183');
INSERT INTO post (category_id, view_count, like_num, deleted, created_at, updated_at) VALUES (3, 23, 13, FALSE, '2024-09-08 14:36:36.621239', '2024-09-08 14:36:36.621239');
INSERT INTO post (category_id, view_count, like_num, deleted, created_at, updated_at) VALUES (1, 24, 48, FALSE, '2024-09-17 01:03:36.621299', '2024-09-17 01:03:36.621299');
INSERT INTO post (category_id, view_count, like_num, deleted, created_at, updated_at) VALUES (2, 74, 40, FALSE, '2024-09-05 04:11:36.621399', '2024-09-05 04:11:36.621399');
INSERT INTO post (category_id, view_count, like_num, deleted, created_at, updated_at) VALUES (5, 85, 25, FALSE, '2024-09-08 23:01:36.621489', '2024-09-08 23:01:36.621489');
INSERT INTO post (category_id, view_count, like_num, deleted, created_at, updated_at) VALUES (2, 55, 27, FALSE, '2024-09-19 19:40:36.621516', '2024-09-19 19:40:36.621516');
INSERT INTO post (category_id, view_count, like_num, deleted, created_at, updated_at) VALUES (4, 30, 38, FALSE, '2024-08-22 15:26:36.621604', '2024-08-22 15:26:36.621604');
INSERT INTO post (category_id, view_count, like_num, deleted, created_at, updated_at) VALUES (2, 90, 47, FALSE, '2024-09-02 18:03:36.621687', '2024-09-02 18:03:36.621687');
INSERT INTO post (category_id, view_count, like_num, deleted, created_at, updated_at) VALUES (2, 14, 8, FALSE, '2024-08-31 06:39:36.621760', '2024-08-31 06:39:36.621760');
INSERT INTO post (category_id, view_count, like_num, deleted, created_at, updated_at) VALUES (5, 43, 39, FALSE, '2024-08-24 08:41:36.621830', '2024-08-24 08:41:36.621830');
INSERT INTO post (category_id, view_count, like_num, deleted, created_at, updated_at) VALUES (5, 10, 6, FALSE, '2024-09-08 16:37:36.621904', '2024-09-08 16:37:36.621904');
INSERT INTO post (category_id, view_count, like_num, deleted, created_at, updated_at) VALUES (4, 36, 15, FALSE, '2024-09-16 00:04:36.621959', '2024-09-16 00:04:36.621959');
INSERT INTO post (category_id, view_count, like_num, deleted, created_at, updated_at) VALUES (1, 98, 30, FALSE, '2024-09-17 07:39:36.622075', '2024-09-17 07:39:36.622075');
INSERT INTO post (category_id, view_count, like_num, deleted, created_at, updated_at) VALUES (4, 57, 22, FALSE, '2024-09-01 10:28:36.622175', '2024-09-01 10:28:36.622175');
INSERT INTO post (category_id, view_count, like_num, deleted, created_at, updated_at) VALUES (1, 18, 35, FALSE, '2024-08-20 06:29:36.622241', '2024-08-20 06:29:36.622241');
INSERT INTO post (category_id, view_count, like_num, deleted, created_at, updated_at) VALUES (4, 25, 7, FALSE, '2024-08-20 22:03:36.622358', '2024-08-20 22:03:36.622358');
INSERT INTO post (category_id, view_count, like_num, deleted, created_at, updated_at) VALUES (3, 82, 29, FALSE, '2024-09-17 05:27:36.622473', '2024-09-17 05:27:36.622473');
INSERT INTO post (category_id, view_count, like_num, deleted, created_at, updated_at) VALUES (4, 72, 35, FALSE, '2024-08-26 07:04:36.622681', '2024-08-26 07:04:36.622681');
INSERT INTO post (category_id, view_count, like_num, deleted, created_at, updated_at) VALUES (1, 92, 17, FALSE, '2024-09-03 23:24:36.622768', '2024-09-03 23:24:36.622768');
INSERT INTO content (post_id, anonymity, title, text, writer_id, created_at, updated_at) VALUES (1, False, 'Title 1', 'This is content for post 1', 3, '2024-08-29 18:31:36.620514', '2024-08-29 18:31:36.620514');
INSERT INTO content (post_id, anonymity, title, text, writer_id, created_at, updated_at) VALUES (2, True, 'Title 2', 'This is content for post 2', 6, '2024-09-05 17:12:36.620648', '2024-09-05 17:12:36.620648');
INSERT INTO content (post_id, anonymity, title, text, writer_id, created_at, updated_at) VALUES (3, False, 'Title 3', 'This is content for post 3', 7, '2024-09-03 09:48:36.620697', '2024-09-03 09:48:36.620697');
INSERT INTO content (post_id, anonymity, title, text, writer_id, created_at, updated_at) VALUES (4, True, 'Title 4', 'This is content for post 4', 7, '2024-09-16 15:04:36.620712', '2024-09-16 15:04:36.620712');
INSERT INTO content (post_id, anonymity, title, text, writer_id, created_at, updated_at) VALUES (5, False, 'Title 5', 'This is content for post 5', 1, '2024-09-02 18:54:36.620762', '2024-09-02 18:54:36.620762');
INSERT INTO content (post_id, anonymity, title, text, writer_id, created_at, updated_at) VALUES (6, True, 'Title 6', 'This is content for post 6', 3, '2024-08-20 18:33:36.620805', '2024-08-20 18:33:36.620805');
INSERT INTO content (post_id, anonymity, title, text, writer_id, created_at, updated_at) VALUES (7, True, 'Title 7', 'This is content for post 7', 6, '2024-09-18 21:43:36.620818', '2024-09-18 21:43:36.620818');
INSERT INTO content (post_id, anonymity, title, text, writer_id, created_at, updated_at) VALUES (8, True, 'Title 8', 'This is content for post 8', 8, '2024-09-13 12:34:36.620864', '2024-09-13 12:34:36.620864');
INSERT INTO content (post_id, anonymity, title, text, writer_id, created_at, updated_at) VALUES (9, True, 'Title 9', 'This is content for post 9', 1, '2024-08-28 17:08:36.620918', '2024-08-28 17:08:36.620918');
INSERT INTO content (post_id, anonymity, title, text, writer_id, created_at, updated_at) VALUES (10, True, 'Title 10', 'This is content for post 10', 7, '2024-08-24 06:30:36.621037', '2024-08-24 06:30:36.621037');
INSERT INTO content (post_id, anonymity, title, text, writer_id, created_at, updated_at) VALUES (11, True, 'Title 11', 'This is content for post 11', 4, '2024-08-23 13:43:36.621073', '2024-08-23 13:43:36.621073');
INSERT INTO content (post_id, anonymity, title, text, writer_id, created_at, updated_at) VALUES (12, False, 'Title 12', 'This is content for post 12', 6, '2024-09-12 22:01:36.621183', '2024-09-12 22:01:36.621183');
INSERT INTO content (post_id, anonymity, title, text, writer_id, created_at, updated_at) VALUES (13, True, 'Title 13', 'This is content for post 13', 8, '2024-09-08 14:36:36.621239', '2024-09-08 14:36:36.621239');
INSERT INTO content (post_id, anonymity, title, text, writer_id, created_at, updated_at) VALUES (14, True, 'Title 14', 'This is content for post 14', 10, '2024-09-17 01:03:36.621299', '2024-09-17 01:03:36.621299');
INSERT INTO content (post_id, anonymity, title, text, writer_id, created_at, updated_at) VALUES (15, False, 'Title 15', 'This is content for post 15', 1, '2024-09-05 04:11:36.621399', '2024-09-05 04:11:36.621399');
INSERT INTO content (post_id, anonymity, title, text, writer_id, created_at, updated_at) VALUES (16, False, 'Title 16', 'This is content for post 16', 4, '2024-09-08 23:01:36.621489', '2024-09-08 23:01:36.621489');
INSERT INTO content (post_id, anonymity, title, text, writer_id, created_at, updated_at) VALUES (17, False, 'Title 17', 'This is content for post 17', 10, '2024-09-19 19:40:36.621516', '2024-09-19 19:40:36.621516');
INSERT INTO content (post_id, anonymity, title, text, writer_id, created_at, updated_at) VALUES (18, False, 'Title 18', 'This is content for post 18', 4, '2024-08-22 15:26:36.621604', '2024-08-22 15:26:36.621604');
INSERT INTO content (post_id, anonymity, title, text, writer_id, created_at, updated_at) VALUES (19, True, 'Title 19', 'This is content for post 19', 9, '2024-09-02 18:03:36.621687', '2024-09-02 18:03:36.621687');
INSERT INTO content (post_id, anonymity, title, text, writer_id, created_at, updated_at) VALUES (20, False, 'Title 20', 'This is content for post 20', 1, '2024-08-31 06:39:36.621760', '2024-08-31 06:39:36.621760');
INSERT INTO content (post_id, anonymity, title, text, writer_id, created_at, updated_at) VALUES (21, False, 'Title 21', 'This is content for post 21', 7, '2024-08-24 08:41:36.621830', '2024-08-24 08:41:36.621830');
INSERT INTO content (post_id, anonymity, title, text, writer_id, created_at, updated_at) VALUES (22, False, 'Title 22', 'This is content for post 22', 10, '2024-09-08 16:37:36.621904', '2024-09-08 16:37:36.621904');
INSERT INTO content (post_id, anonymity, title, text, writer_id, created_at, updated_at) VALUES (23, False, 'Title 23', 'This is content for post 23', 3, '2024-09-16 00:04:36.621959', '2024-09-16 00:04:36.621959');
INSERT INTO content (post_id, anonymity, title, text, writer_id, created_at, updated_at) VALUES (24, True, 'Title 24', 'This is content for post 24', 9, '2024-09-17 07:39:36.622075', '2024-09-17 07:39:36.622075');
INSERT INTO content (post_id, anonymity, title, text, writer_id, created_at, updated_at) VALUES (25, False, 'Title 25', 'This is content for post 25', 3, '2024-09-01 10:28:36.622175', '2024-09-01 10:28:36.622175');
INSERT INTO content (post_id, anonymity, title, text, writer_id, created_at, updated_at) VALUES (26, False, 'Title 26', 'This is content for post 26', 8, '2024-08-20 06:29:36.622241', '2024-08-20 06:29:36.622241');
INSERT INTO content (post_id, anonymity, title, text, writer_id, created_at, updated_at) VALUES (27, True, 'Title 27', 'This is content for post 27', 5, '2024-08-20 22:03:36.622358', '2024-08-20 22:03:36.622358');
INSERT INTO content (post_id, anonymity, title, text, writer_id, created_at, updated_at) VALUES (28, True, 'Title 28', 'This is content for post 28', 2, '2024-09-17 05:27:36.622473', '2024-09-17 05:27:36.622473');
INSERT INTO content (post_id, anonymity, title, text, writer_id, created_at, updated_at) VALUES (29, True, 'Title 29', 'This is content for post 29', 7, '2024-08-26 07:04:36.622681', '2024-08-26 07:04:36.622681');
INSERT INTO content (post_id, anonymity, title, text, writer_id, created_at, updated_at) VALUES (30, False, 'Title 30', 'This is content for post 30', 9, '2024-09-03 23:24:36.622768', '2024-09-03 23:24:36.622768');
INSERT INTO comment (post_id, user_id, content, deleted, likedNum, created_at, updated_at) VALUES (1, 5, 'This is a comment on post 1', FALSE, 18, '2024-09-14 06:56:36.620560', '2024-09-14 06:56:36.620560');
INSERT INTO comment (post_id, user_id, content, deleted, likedNum, created_at, updated_at) VALUES (1, 7, 'This is a comment on post 1', FALSE, 13, '2024-08-22 04:08:36.620577', '2024-08-22 04:08:36.620577');
INSERT INTO comment (post_id, user_id, content, deleted, likedNum, created_at, updated_at) VALUES (1, 8, 'This is a comment on post 1', FALSE, 17, '2024-09-08 06:33:36.620587', '2024-09-08 06:33:36.620587');
INSERT INTO comment (post_id, user_id, content, deleted, likedNum, created_at, updated_at) VALUES (2, 9, 'This is a comment on post 2', FALSE, 11, '2024-09-06 02:13:36.620662', '2024-09-06 02:13:36.620662');
INSERT INTO comment (post_id, user_id, content, deleted, likedNum, created_at, updated_at) VALUES (2, 8, 'This is a comment on post 2', FALSE, 15, '2024-08-27 00:08:36.620671', '2024-08-27 00:08:36.620671');
INSERT INTO comment (post_id, user_id, content, deleted, likedNum, created_at, updated_at) VALUES (4, 8, 'This is a comment on post 4', FALSE, 19, '2024-09-10 10:23:36.620741', '2024-09-10 10:23:36.620741');
INSERT INTO comment (post_id, user_id, content, deleted, likedNum, created_at, updated_at) VALUES (4, 5, 'This is a comment on post 4', FALSE, 12, '2024-08-31 05:35:36.620753', '2024-08-31 05:35:36.620753');
INSERT INTO comment (post_id, user_id, content, deleted, likedNum, created_at, updated_at) VALUES (7, 1, 'This is a comment on post 7', FALSE, 3, '2024-09-10 19:49:36.620831', '2024-09-10 19:49:36.620831');
INSERT INTO comment (post_id, user_id, content, deleted, likedNum, created_at, updated_at) VALUES (7, 3, 'This is a comment on post 7', FALSE, 3, '2024-08-25 06:50:36.620838', '2024-08-25 06:50:36.620838');
INSERT INTO comment (post_id, user_id, content, deleted, likedNum, created_at, updated_at) VALUES (8, 7, 'This is a comment on post 8', FALSE, 1, '2024-09-02 19:01:36.620876', '2024-09-02 19:01:36.620876');
INSERT INTO comment (post_id, user_id, content, deleted, likedNum, created_at, updated_at) VALUES (9, 1, 'This is a comment on post 9', FALSE, 4, '2024-09-11 16:58:36.620939', '2024-09-11 16:58:36.620939');
INSERT INTO comment (post_id, user_id, content, deleted, likedNum, created_at, updated_at) VALUES (9, 6, 'This is a comment on post 9', FALSE, 12, '2024-08-28 08:32:36.620951', '2024-08-28 08:32:36.620951');
INSERT INTO comment (post_id, user_id, content, deleted, likedNum, created_at, updated_at) VALUES (9, 5, 'This is a comment on post 9', FALSE, 17, '2024-09-11 13:46:36.620959', '2024-09-11 13:46:36.620959');
INSERT INTO comment (post_id, user_id, content, deleted, likedNum, created_at, updated_at) VALUES (9, 9, 'This is a comment on post 9', FALSE, 11, '2024-08-21 09:33:36.620967', '2024-08-21 09:33:36.620967');
INSERT INTO comment (post_id, user_id, content, deleted, likedNum, created_at, updated_at) VALUES (9, 4, 'This is a comment on post 9', FALSE, 11, '2024-09-03 11:06:36.620981', '2024-09-03 11:06:36.620981');
INSERT INTO comment (post_id, user_id, content, deleted, likedNum, created_at, updated_at) VALUES (10, 10, 'This is a comment on post 10', FALSE, 16, '2024-09-15 21:56:36.621050', '2024-09-15 21:56:36.621050');
INSERT INTO comment (post_id, user_id, content, deleted, likedNum, created_at, updated_at) VALUES (10, 8, 'This is a comment on post 10', FALSE, 10, '2024-08-24 20:01:36.621058', '2024-08-24 20:01:36.621058');
INSERT INTO comment (post_id, user_id, content, deleted, likedNum, created_at, updated_at) VALUES (11, 2, 'This is a comment on post 11', FALSE, 4, '2024-08-27 13:03:36.621085', '2024-08-27 13:03:36.621085');
INSERT INTO comment (post_id, user_id, content, deleted, likedNum, created_at, updated_at) VALUES (11, 7, 'This is a comment on post 11', FALSE, 15, '2024-09-05 12:05:36.621093', '2024-09-05 12:05:36.621093');
INSERT INTO comment (post_id, user_id, content, deleted, likedNum, created_at, updated_at) VALUES (11, 8, 'This is a comment on post 11', FALSE, 5, '2024-08-28 02:48:36.621101', '2024-08-28 02:48:36.621101');
INSERT INTO comment (post_id, user_id, content, deleted, likedNum, created_at, updated_at) VALUES (11, 1, 'This is a comment on post 11', FALSE, 15, '2024-09-03 10:44:36.621109', '2024-09-03 10:44:36.621109');
INSERT INTO comment (post_id, user_id, content, deleted, likedNum, created_at, updated_at) VALUES (12, 9, 'This is a comment on post 12', FALSE, 2, '2024-08-25 10:27:36.621198', '2024-08-25 10:27:36.621198');
INSERT INTO comment (post_id, user_id, content, deleted, likedNum, created_at, updated_at) VALUES (12, 8, 'This is a comment on post 12', FALSE, 20, '2024-09-06 21:28:36.621206', '2024-09-06 21:28:36.621206');
INSERT INTO comment (post_id, user_id, content, deleted, likedNum, created_at, updated_at) VALUES (12, 3, 'This is a comment on post 12', FALSE, 14, '2024-09-01 19:21:36.621214', '2024-09-01 19:21:36.621214');
INSERT INTO comment (post_id, user_id, content, deleted, likedNum, created_at, updated_at) VALUES (13, 3, 'This is a comment on post 13', FALSE, 19, '2024-08-27 21:25:36.621254', '2024-08-27 21:25:36.621254');
INSERT INTO comment (post_id, user_id, content, deleted, likedNum, created_at, updated_at) VALUES (13, 6, 'This is a comment on post 13', FALSE, 10, '2024-08-30 08:50:36.621267', '2024-08-30 08:50:36.621267');
INSERT INTO comment (post_id, user_id, content, deleted, likedNum, created_at, updated_at) VALUES (13, 10, 'This is a comment on post 13', FALSE, 2, '2024-09-10 18:05:36.621280', '2024-09-10 18:05:36.621280');
INSERT INTO comment (post_id, user_id, content, deleted, likedNum, created_at, updated_at) VALUES (13, 5, 'This is a comment on post 13', FALSE, 18, '2024-09-14 09:18:36.621290', '2024-09-14 09:18:36.621290');
INSERT INTO comment (post_id, user_id, content, deleted, likedNum, created_at, updated_at) VALUES (14, 9, 'This is a comment on post 14', FALSE, 8, '2024-09-04 14:08:36.621312', '2024-09-04 14:08:36.621312');
INSERT INTO comment (post_id, user_id, content, deleted, likedNum, created_at, updated_at) VALUES (14, 4, 'This is a comment on post 14', FALSE, 17, '2024-08-27 08:13:36.621325', '2024-08-27 08:13:36.621325');
INSERT INTO comment (post_id, user_id, content, deleted, likedNum, created_at, updated_at) VALUES (14, 8, 'This is a comment on post 14', FALSE, 7, '2024-08-28 18:25:36.621337', '2024-08-28 18:25:36.621337');
INSERT INTO comment (post_id, user_id, content, deleted, likedNum, created_at, updated_at) VALUES (14, 8, 'This is a comment on post 14', FALSE, 7, '2024-09-18 10:37:36.621345', '2024-09-18 10:37:36.621345');
INSERT INTO comment (post_id, user_id, content, deleted, likedNum, created_at, updated_at) VALUES (15, 1, 'This is a comment on post 15', FALSE, 13, '2024-09-14 05:18:36.621411', '2024-09-14 05:18:36.621411');
INSERT INTO comment (post_id, user_id, content, deleted, likedNum, created_at, updated_at) VALUES (16, 4, 'This is a comment on post 16', FALSE, 6, '2024-09-04 19:38:36.621502', '2024-09-04 19:38:36.621502');
INSERT INTO comment (post_id, user_id, content, deleted, likedNum, created_at, updated_at) VALUES (17, 1, 'This is a comment on post 17', FALSE, 18, '2024-08-27 15:12:36.621531', '2024-08-27 15:12:36.621531');
INSERT INTO comment (post_id, user_id, content, deleted, likedNum, created_at, updated_at) VALUES (17, 8, 'This is a comment on post 17', FALSE, 4, '2024-09-19 20:13:36.621539', '2024-09-19 20:13:36.621539');
INSERT INTO comment (post_id, user_id, content, deleted, likedNum, created_at, updated_at) VALUES (17, 3, 'This is a comment on post 17', FALSE, 16, '2024-08-31 23:16:36.621551', '2024-08-31 23:16:36.621551');
INSERT INTO comment (post_id, user_id, content, deleted, likedNum, created_at, updated_at) VALUES (17, 10, 'This is a comment on post 17', FALSE, 2, '2024-09-01 11:15:36.621563', '2024-09-01 11:15:36.621563');
INSERT INTO comment (post_id, user_id, content, deleted, likedNum, created_at, updated_at) VALUES (17, 7, 'This is a comment on post 17', FALSE, 6, '2024-08-26 05:59:36.621575', '2024-08-26 05:59:36.621575');
INSERT INTO comment (post_id, user_id, content, deleted, likedNum, created_at, updated_at) VALUES (18, 7, 'This is a comment on post 18', FALSE, 16, '2024-09-05 16:39:36.621624', '2024-09-05 16:39:36.621624');
INSERT INTO comment (post_id, user_id, content, deleted, likedNum, created_at, updated_at) VALUES (18, 5, 'This is a comment on post 18', FALSE, 0, '2024-09-15 22:46:36.621635', '2024-09-15 22:46:36.621635');
INSERT INTO comment (post_id, user_id, content, deleted, likedNum, created_at, updated_at) VALUES (18, 2, 'This is a comment on post 18', FALSE, 8, '2024-08-22 14:06:36.621647', '2024-08-22 14:06:36.621647');
INSERT INTO comment (post_id, user_id, content, deleted, likedNum, created_at, updated_at) VALUES (18, 3, 'This is a comment on post 18', FALSE, 15, '2024-09-16 21:47:36.621658', '2024-09-16 21:47:36.621658');
INSERT INTO comment (post_id, user_id, content, deleted, likedNum, created_at, updated_at) VALUES (19, 3, 'This is a comment on post 19', FALSE, 19, '2024-09-13 17:57:36.621708', '2024-09-13 17:57:36.621708');
INSERT INTO comment (post_id, user_id, content, deleted, likedNum, created_at, updated_at) VALUES (19, 9, 'This is a comment on post 19', FALSE, 18, '2024-08-23 04:18:36.621720', '2024-08-23 04:18:36.621720');
INSERT INTO comment (post_id, user_id, content, deleted, likedNum, created_at, updated_at) VALUES (19, 2, 'This is a comment on post 19', FALSE, 19, '2024-09-02 06:12:36.621731', '2024-09-02 06:12:36.621731');
INSERT INTO comment (post_id, user_id, content, deleted, likedNum, created_at, updated_at) VALUES (19, 3, 'This is a comment on post 19', FALSE, 6, '2024-08-20 21:25:36.621743', '2024-08-20 21:25:36.621743');
INSERT INTO comment (post_id, user_id, content, deleted, likedNum, created_at, updated_at) VALUES (20, 6, 'This is a comment on post 20', FALSE, 12, '2024-09-03 09:19:36.621782', '2024-09-03 09:19:36.621782');
INSERT INTO comment (post_id, user_id, content, deleted, likedNum, created_at, updated_at) VALUES (20, 5, 'This is a comment on post 20', FALSE, 6, '2024-09-11 10:51:36.621809', '2024-09-11 10:51:36.621809');
INSERT INTO comment (post_id, user_id, content, deleted, likedNum, created_at, updated_at) VALUES (20, 6, 'This is a comment on post 20', FALSE, 5, '2024-09-11 13:55:36.621821', '2024-09-11 13:55:36.621821');
INSERT INTO comment (post_id, user_id, content, deleted, likedNum, created_at, updated_at) VALUES (21, 10, 'This is a comment on post 21', FALSE, 8, '2024-09-02 17:27:36.621842', '2024-09-02 17:27:36.621842');
INSERT INTO comment (post_id, user_id, content, deleted, likedNum, created_at, updated_at) VALUES (21, 6, 'This is a comment on post 21', FALSE, 10, '2024-08-23 11:25:36.621850', '2024-08-23 11:25:36.621850');
INSERT INTO comment (post_id, user_id, content, deleted, likedNum, created_at, updated_at) VALUES (21, 8, 'This is a comment on post 21', FALSE, 20, '2024-09-09 18:35:36.621858', '2024-09-09 18:35:36.621858');
INSERT INTO comment (post_id, user_id, content, deleted, likedNum, created_at, updated_at) VALUES (21, 9, 'This is a comment on post 21', FALSE, 18, '2024-08-22 11:17:36.621866', '2024-08-22 11:17:36.621866');
INSERT INTO comment (post_id, user_id, content, deleted, likedNum, created_at, updated_at) VALUES (22, 10, 'This is a comment on post 22', FALSE, 17, '2024-08-28 16:57:36.621916', '2024-08-28 16:57:36.621916');
INSERT INTO comment (post_id, user_id, content, deleted, likedNum, created_at, updated_at) VALUES (22, 6, 'This is a comment on post 22', FALSE, 10, '2024-09-15 05:00:36.621924', '2024-09-15 05:00:36.621924');
INSERT INTO comment (post_id, user_id, content, deleted, likedNum, created_at, updated_at) VALUES (22, 3, 'This is a comment on post 22', FALSE, 20, '2024-09-04 16:50:36.621931', '2024-09-04 16:50:36.621931');
INSERT INTO comment (post_id, user_id, content, deleted, likedNum, created_at, updated_at) VALUES (22, 4, 'This is a comment on post 22', FALSE, 0, '2024-08-28 23:57:36.621939', '2024-08-28 23:57:36.621939');
INSERT INTO comment (post_id, user_id, content, deleted, likedNum, created_at, updated_at) VALUES (23, 5, 'This is a comment on post 23', FALSE, 1, '2024-09-18 23:36:36.621971', '2024-09-18 23:36:36.621971');
INSERT INTO comment (post_id, user_id, content, deleted, likedNum, created_at, updated_at) VALUES (23, 9, 'This is a comment on post 23', FALSE, 2, '2024-09-13 04:28:36.621978', '2024-09-13 04:28:36.621978');
INSERT INTO comment (post_id, user_id, content, deleted, likedNum, created_at, updated_at) VALUES (23, 10, 'This is a comment on post 23', FALSE, 12, '2024-08-21 09:12:36.621986', '2024-08-21 09:12:36.621986');
INSERT INTO comment (post_id, user_id, content, deleted, likedNum, created_at, updated_at) VALUES (24, 8, 'This is a comment on post 24', FALSE, 17, '2024-08-30 05:29:36.622091', '2024-08-30 05:29:36.622091');
INSERT INTO comment (post_id, user_id, content, deleted, likedNum, created_at, updated_at) VALUES (24, 9, 'This is a comment on post 24', FALSE, 3, '2024-09-05 04:24:36.622099', '2024-09-05 04:24:36.622099');
INSERT INTO comment (post_id, user_id, content, deleted, likedNum, created_at, updated_at) VALUES (24, 9, 'This is a comment on post 24', FALSE, 12, '2024-09-10 11:04:36.622106', '2024-09-10 11:04:36.622106');
INSERT INTO comment (post_id, user_id, content, deleted, likedNum, created_at, updated_at) VALUES (24, 1, 'This is a comment on post 24', FALSE, 20, '2024-09-05 04:37:36.622114', '2024-09-05 04:37:36.622114');
INSERT INTO comment (post_id, user_id, content, deleted, likedNum, created_at, updated_at) VALUES (24, 5, 'This is a comment on post 24', FALSE, 14, '2024-09-07 03:37:36.622122', '2024-09-07 03:37:36.622122');
INSERT INTO comment (post_id, user_id, content, deleted, likedNum, created_at, updated_at) VALUES (25, 10, 'This is a comment on post 25', FALSE, 9, '2024-09-01 21:03:36.622190', '2024-09-01 21:03:36.622190');
INSERT INTO comment (post_id, user_id, content, deleted, likedNum, created_at, updated_at) VALUES (26, 8, 'This is a comment on post 26', FALSE, 18, '2024-09-02 20:52:36.622254', '2024-09-02 20:52:36.622254');
INSERT INTO comment (post_id, user_id, content, deleted, likedNum, created_at, updated_at) VALUES (26, 5, 'This is a comment on post 26', FALSE, 9, '2024-08-28 01:57:36.622261', '2024-08-28 01:57:36.622261');
INSERT INTO comment (post_id, user_id, content, deleted, likedNum, created_at, updated_at) VALUES (26, 3, 'This is a comment on post 26', FALSE, 20, '2024-09-01 21:05:36.622268', '2024-09-01 21:05:36.622268');
INSERT INTO comment (post_id, user_id, content, deleted, likedNum, created_at, updated_at) VALUES (26, 2, 'This is a comment on post 26', FALSE, 14, '2024-08-24 23:10:36.622279', '2024-08-24 23:10:36.622279');
INSERT INTO comment (post_id, user_id, content, deleted, likedNum, created_at, updated_at) VALUES (27, 6, 'This is a comment on post 27', FALSE, 6, '2024-08-27 10:22:36.622374', '2024-08-27 10:22:36.622374');
INSERT INTO comment (post_id, user_id, content, deleted, likedNum, created_at, updated_at) VALUES (27, 6, 'This is a comment on post 27', FALSE, 11, '2024-09-09 12:25:36.622382', '2024-09-09 12:25:36.622382');
INSERT INTO comment (post_id, user_id, content, deleted, likedNum, created_at, updated_at) VALUES (27, 8, 'This is a comment on post 27', FALSE, 12, '2024-08-25 12:46:36.622394', '2024-08-25 12:46:36.622394');
INSERT INTO comment (post_id, user_id, content, deleted, likedNum, created_at, updated_at) VALUES (27, 4, 'This is a comment on post 27', FALSE, 12, '2024-08-30 13:39:36.622407', '2024-08-30 13:39:36.622407');
INSERT INTO comment (post_id, user_id, content, deleted, likedNum, created_at, updated_at) VALUES (27, 2, 'This is a comment on post 27', FALSE, 5, '2024-08-20 23:29:36.622415', '2024-08-20 23:29:36.622415');
INSERT INTO comment (post_id, user_id, content, deleted, likedNum, created_at, updated_at) VALUES (28, 6, 'This is a comment on post 28', FALSE, 2, '2024-08-28 00:20:36.622486', '2024-08-28 00:20:36.622486');
INSERT INTO comment (post_id, user_id, content, deleted, likedNum, created_at, updated_at) VALUES (28, 8, 'This is a comment on post 28', FALSE, 3, '2024-08-23 22:07:36.622499', '2024-08-23 22:07:36.622499');
INSERT INTO comment (post_id, user_id, content, deleted, likedNum, created_at, updated_at) VALUES (28, 3, 'This is a comment on post 28', FALSE, 2, '2024-09-11 10:07:36.622510', '2024-09-11 10:07:36.622510');
INSERT INTO comment (post_id, user_id, content, deleted, likedNum, created_at, updated_at) VALUES (28, 6, 'This is a comment on post 28', FALSE, 20, '2024-08-24 12:18:36.622518', '2024-08-24 12:18:36.622518');
INSERT INTO comment (post_id, user_id, content, deleted, likedNum, created_at, updated_at) VALUES (29, 10, 'This is a comment on post 29', FALSE, 12, '2024-09-06 00:44:36.622699', '2024-09-06 00:44:36.622699');
INSERT INTO comment (post_id, user_id, content, deleted, likedNum, created_at, updated_at) VALUES (29, 1, 'This is a comment on post 29', FALSE, 18, '2024-09-05 06:53:36.622708', '2024-09-05 06:53:36.622708');
INSERT INTO comment (post_id, user_id, content, deleted, likedNum, created_at, updated_at) VALUES (29, 10, 'This is a comment on post 29', FALSE, 10, '2024-09-18 21:44:36.622716', '2024-09-18 21:44:36.622716');
INSERT IGNORE INTO post_likes (post_id, user_id, created_at) VALUES (1, 10, '2024-08-21 12:28:36.620597');
INSERT IGNORE INTO post_likes (post_id, user_id, created_at) VALUES (1, 4, '2024-08-30 02:05:36.620605');
INSERT IGNORE INTO post_likes (post_id, user_id, created_at) VALUES (1, 8, '2024-09-18 00:14:36.620612');
INSERT IGNORE INTO post_likes (post_id, user_id, created_at) VALUES (1, 3, '2024-09-08 19:20:36.620619');
INSERT IGNORE INTO post_likes (post_id, user_id, created_at) VALUES (1, 7, '2024-09-19 04:32:36.620628');
INSERT IGNORE INTO post_likes (post_id, user_id, created_at) VALUES (1, 10, '2024-09-03 09:16:36.620635');
INSERT IGNORE INTO post_likes (post_id, user_id, created_at) VALUES (1, 9, '2024-08-26 20:13:36.620641');
INSERT IGNORE INTO post_likes (post_id, user_id, created_at) VALUES (2, 9, '2024-08-22 23:04:36.620680');
INSERT IGNORE INTO post_likes (post_id, user_id, created_at) VALUES (2, 4, '2024-08-28 14:20:36.620685');
INSERT IGNORE INTO post_likes (post_id, user_id, created_at) VALUES (2, 5, '2024-09-20 02:11:36.620691');
INSERT IGNORE INTO post_likes (post_id, user_id, created_at) VALUES (5, 7, '2024-09-19 22:40:36.620776');
INSERT IGNORE INTO post_likes (post_id, user_id, created_at) VALUES (5, 1, '2024-08-27 15:23:36.620782');
INSERT IGNORE INTO post_likes (post_id, user_id, created_at) VALUES (5, 2, '2024-08-25 01:41:36.620787');
INSERT IGNORE INTO post_likes (post_id, user_id, created_at) VALUES (5, 1, '2024-09-08 18:03:36.620793');
INSERT IGNORE INTO post_likes (post_id, user_id, created_at) VALUES (5, 2, '2024-09-10 09:39:36.620799');
INSERT IGNORE INTO post_likes (post_id, user_id, created_at) VALUES (7, 2, '2024-09-04 13:32:36.620847');
INSERT IGNORE INTO post_likes (post_id, user_id, created_at) VALUES (7, 5, '2024-09-14 18:46:36.620852');
INSERT IGNORE INTO post_likes (post_id, user_id, created_at) VALUES (7, 8, '2024-08-30 00:58:36.620858');
INSERT IGNORE INTO post_likes (post_id, user_id, created_at) VALUES (8, 5, '2024-09-16 17:19:36.620885');
INSERT IGNORE INTO post_likes (post_id, user_id, created_at) VALUES (8, 6, '2024-09-08 21:52:36.620891');
INSERT IGNORE INTO post_likes (post_id, user_id, created_at) VALUES (8, 9, '2024-09-20 03:50:36.620896');
INSERT IGNORE INTO post_likes (post_id, user_id, created_at) VALUES (8, 5, '2024-09-12 11:45:36.620902');
INSERT IGNORE INTO post_likes (post_id, user_id, created_at) VALUES (8, 9, '2024-09-01 18:05:36.620908');
INSERT IGNORE INTO post_likes (post_id, user_id, created_at) VALUES (9, 7, '2024-09-06 03:20:36.620994');
INSERT IGNORE INTO post_likes (post_id, user_id, created_at) VALUES (9, 8, '2024-08-28 12:08:36.621014');
INSERT IGNORE INTO post_likes (post_id, user_id, created_at) VALUES (9, 5, '2024-08-31 09:26:36.621020');
INSERT IGNORE INTO post_likes (post_id, user_id, created_at) VALUES (9, 7, '2024-08-26 12:41:36.621026');
INSERT IGNORE INTO post_likes (post_id, user_id, created_at) VALUES (9, 1, '2024-08-29 06:47:36.621031');
INSERT IGNORE INTO post_likes (post_id, user_id, created_at) VALUES (10, 9, '2024-08-27 17:44:36.621067');
INSERT IGNORE INTO post_likes (post_id, user_id, created_at) VALUES (11, 10, '2024-09-15 15:57:36.621117');
INSERT IGNORE INTO post_likes (post_id, user_id, created_at) VALUES (11, 9, '2024-08-22 06:46:36.621123');
INSERT IGNORE INTO post_likes (post_id, user_id, created_at) VALUES (11, 2, '2024-09-10 11:51:36.621129');
INSERT IGNORE INTO post_likes (post_id, user_id, created_at) VALUES (11, 9, '2024-08-31 14:37:36.621138');
INSERT IGNORE INTO post_likes (post_id, user_id, created_at) VALUES (11, 3, '2024-08-28 05:25:36.621147');
INSERT IGNORE INTO post_likes (post_id, user_id, created_at) VALUES (11, 6, '2024-09-03 18:43:36.621156');
INSERT IGNORE INTO post_likes (post_id, user_id, created_at) VALUES (11, 8, '2024-09-13 19:29:36.621165');
INSERT IGNORE INTO post_likes (post_id, user_id, created_at) VALUES (11, 6, '2024-09-14 16:50:36.621173');
INSERT IGNORE INTO post_likes (post_id, user_id, created_at) VALUES (12, 10, '2024-09-09 22:17:36.621222');
INSERT IGNORE INTO post_likes (post_id, user_id, created_at) VALUES (12, 2, '2024-09-18 16:36:36.621228');
INSERT IGNORE INTO post_likes (post_id, user_id, created_at) VALUES (12, 1, '2024-08-24 05:33:36.621233');
INSERT IGNORE INTO post_likes (post_id, user_id, created_at) VALUES (14, 4, '2024-09-04 20:46:36.621353');
INSERT IGNORE INTO post_likes (post_id, user_id, created_at) VALUES (14, 7, '2024-09-12 13:53:36.621359');
INSERT IGNORE INTO post_likes (post_id, user_id, created_at) VALUES (14, 7, '2024-09-19 20:38:36.621365');
INSERT IGNORE INTO post_likes (post_id, user_id, created_at) VALUES (14, 2, '2024-09-02 08:00:36.621370');
INSERT IGNORE INTO post_likes (post_id, user_id, created_at) VALUES (14, 1, '2024-09-06 20:52:36.621376');
INSERT IGNORE INTO post_likes (post_id, user_id, created_at) VALUES (14, 4, '2024-09-09 09:53:36.621382');
INSERT IGNORE INTO post_likes (post_id, user_id, created_at) VALUES (14, 4, '2024-09-07 02:02:36.621388');
INSERT IGNORE INTO post_likes (post_id, user_id, created_at) VALUES (14, 5, '2024-09-19 18:36:36.621393');
INSERT IGNORE INTO post_likes (post_id, user_id, created_at) VALUES (15, 2, '2024-09-17 20:25:36.621424');
INSERT IGNORE INTO post_likes (post_id, user_id, created_at) VALUES (15, 4, '2024-08-26 19:15:36.621440');
INSERT IGNORE INTO post_likes (post_id, user_id, created_at) VALUES (15, 2, '2024-09-08 19:37:36.621446');
INSERT IGNORE INTO post_likes (post_id, user_id, created_at) VALUES (15, 6, '2024-09-17 11:02:36.621455');
INSERT IGNORE INTO post_likes (post_id, user_id, created_at) VALUES (15, 2, '2024-08-23 19:37:36.621463');
INSERT IGNORE INTO post_likes (post_id, user_id, created_at) VALUES (15, 1, '2024-09-03 07:39:36.621472');
INSERT IGNORE INTO post_likes (post_id, user_id, created_at) VALUES (15, 4, '2024-08-28 09:19:36.621478');
INSERT IGNORE INTO post_likes (post_id, user_id, created_at) VALUES (15, 6, '2024-09-15 00:06:36.621483');
INSERT IGNORE INTO post_likes (post_id, user_id, created_at) VALUES (16, 2, '2024-09-19 18:53:36.621511');
INSERT IGNORE INTO post_likes (post_id, user_id, created_at) VALUES (17, 3, '2024-08-20 18:32:36.621584');
INSERT IGNORE INTO post_likes (post_id, user_id, created_at) VALUES (17, 8, '2024-09-03 17:31:36.621590');
INSERT IGNORE INTO post_likes (post_id, user_id, created_at) VALUES (17, 8, '2024-09-11 19:24:36.621595');
INSERT IGNORE INTO post_likes (post_id, user_id, created_at) VALUES (18, 5, '2024-09-11 02:56:36.621670');
INSERT IGNORE INTO post_likes (post_id, user_id, created_at) VALUES (18, 1, '2024-09-04 06:42:36.621679');
INSERT IGNORE INTO post_likes (post_id, user_id, created_at) VALUES (21, 7, '2024-09-03 09:52:36.621874');
INSERT IGNORE INTO post_likes (post_id, user_id, created_at) VALUES (21, 4, '2024-09-05 06:16:36.621880');
INSERT IGNORE INTO post_likes (post_id, user_id, created_at) VALUES (21, 8, '2024-09-14 01:40:36.621886');
INSERT IGNORE INTO post_likes (post_id, user_id, created_at) VALUES (21, 1, '2024-09-13 02:04:36.621891');
INSERT IGNORE INTO post_likes (post_id, user_id, created_at) VALUES (21, 3, '2024-08-23 21:48:36.621898');
INSERT IGNORE INTO post_likes (post_id, user_id, created_at) VALUES (22, 9, '2024-09-08 13:01:36.621947');
INSERT IGNORE INTO post_likes (post_id, user_id, created_at) VALUES (22, 10, '2024-09-07 08:57:36.621953');
INSERT IGNORE INTO post_likes (post_id, user_id, created_at) VALUES (23, 4, '2024-09-14 23:52:36.621998');
INSERT IGNORE INTO post_likes (post_id, user_id, created_at) VALUES (23, 7, '2024-09-06 22:47:36.622007');
INSERT IGNORE INTO post_likes (post_id, user_id, created_at) VALUES (23, 5, '2024-09-15 04:50:36.622019');
INSERT IGNORE INTO post_likes (post_id, user_id, created_at) VALUES (23, 10, '2024-09-16 21:09:36.622029');
INSERT IGNORE INTO post_likes (post_id, user_id, created_at) VALUES (23, 5, '2024-09-10 12:21:36.622035');
INSERT IGNORE INTO post_likes (post_id, user_id, created_at) VALUES (23, 9, '2024-09-16 16:01:36.622040');
INSERT IGNORE INTO post_likes (post_id, user_id, created_at) VALUES (23, 2, '2024-09-12 11:39:36.622056');
INSERT IGNORE INTO post_likes (post_id, user_id, created_at) VALUES (23, 1, '2024-09-15 03:40:36.622065');
INSERT IGNORE INTO post_likes (post_id, user_id, created_at) VALUES (24, 2, '2024-09-01 11:00:36.622131');
INSERT IGNORE INTO post_likes (post_id, user_id, created_at) VALUES (24, 2, '2024-09-10 15:24:36.622137');
INSERT IGNORE INTO post_likes (post_id, user_id, created_at) VALUES (24, 5, '2024-09-16 00:11:36.622142');
INSERT IGNORE INTO post_likes (post_id, user_id, created_at) VALUES (24, 7, '2024-09-04 11:42:36.622148');
INSERT IGNORE INTO post_likes (post_id, user_id, created_at) VALUES (24, 8, '2024-09-13 23:33:36.622153');
INSERT IGNORE INTO post_likes (post_id, user_id, created_at) VALUES (24, 7, '2024-08-23 12:46:36.622158');
INSERT IGNORE INTO post_likes (post_id, user_id, created_at) VALUES (24, 10, '2024-08-20 21:58:36.622164');
INSERT IGNORE INTO post_likes (post_id, user_id, created_at) VALUES (24, 1, '2024-09-09 21:39:36.622169');
INSERT IGNORE INTO post_likes (post_id, user_id, created_at) VALUES (25, 10, '2024-09-15 18:04:36.622204');
INSERT IGNORE INTO post_likes (post_id, user_id, created_at) VALUES (25, 4, '2024-09-14 17:01:36.622212');
INSERT IGNORE INTO post_likes (post_id, user_id, created_at) VALUES (25, 4, '2024-09-13 10:02:36.622222');
INSERT IGNORE INTO post_likes (post_id, user_id, created_at) VALUES (25, 8, '2024-08-29 18:09:36.622230');
INSERT IGNORE INTO post_likes (post_id, user_id, created_at) VALUES (25, 4, '2024-09-09 06:25:36.622235');
INSERT IGNORE INTO post_likes (post_id, user_id, created_at) VALUES (26, 3, '2024-09-12 01:32:36.622293');
INSERT IGNORE INTO post_likes (post_id, user_id, created_at) VALUES (26, 3, '2024-09-15 22:12:36.622301');
INSERT IGNORE INTO post_likes (post_id, user_id, created_at) VALUES (26, 6, '2024-09-10 10:29:36.622309');
INSERT IGNORE INTO post_likes (post_id, user_id, created_at) VALUES (26, 8, '2024-09-02 16:58:36.622315');
INSERT IGNORE INTO post_likes (post_id, user_id, created_at) VALUES (26, 6, '2024-09-17 05:03:36.622320');
INSERT IGNORE INTO post_likes (post_id, user_id, created_at) VALUES (26, 4, '2024-09-15 00:34:36.622326');
INSERT IGNORE INTO post_likes (post_id, user_id, created_at) VALUES (26, 2, '2024-09-09 06:23:36.622336');
INSERT IGNORE INTO post_likes (post_id, user_id, created_at) VALUES (26, 2, '2024-08-23 18:53:36.622347');
INSERT IGNORE INTO post_likes (post_id, user_id, created_at) VALUES (27, 5, '2024-09-01 17:57:36.622423');
INSERT IGNORE INTO post_likes (post_id, user_id, created_at) VALUES (27, 3, '2024-08-23 07:00:36.622428');
INSERT IGNORE INTO post_likes (post_id, user_id, created_at) VALUES (27, 3, '2024-09-02 22:14:36.622434');
INSERT IGNORE INTO post_likes (post_id, user_id, created_at) VALUES (27, 8, '2024-09-16 22:49:36.622440');
INSERT IGNORE INTO post_likes (post_id, user_id, created_at) VALUES (27, 2, '2024-08-30 09:07:36.622445');
INSERT IGNORE INTO post_likes (post_id, user_id, created_at) VALUES (27, 3, '2024-08-31 19:46:36.622450');
INSERT IGNORE INTO post_likes (post_id, user_id, created_at) VALUES (27, 2, '2024-09-10 18:57:36.622456');
INSERT IGNORE INTO post_likes (post_id, user_id, created_at) VALUES (27, 6, '2024-09-15 01:02:36.622461');
INSERT IGNORE INTO post_likes (post_id, user_id, created_at) VALUES (27, 9, '2024-09-12 10:15:36.622467');
INSERT IGNORE INTO post_likes (post_id, user_id, created_at) VALUES (28, 10, '2024-09-18 15:24:36.622531');
INSERT IGNORE INTO post_likes (post_id, user_id, created_at) VALUES (28, 4, '2024-08-28 20:19:36.622540');
INSERT IGNORE INTO post_likes (post_id, user_id, created_at) VALUES (28, 4, '2024-08-24 21:47:36.622547');
INSERT IGNORE INTO post_likes (post_id, user_id, created_at) VALUES (28, 2, '2024-09-13 21:04:36.622553');
INSERT IGNORE INTO post_likes (post_id, user_id, created_at) VALUES (29, 8, '2024-09-12 03:46:36.622724');
INSERT IGNORE INTO post_likes (post_id, user_id, created_at) VALUES (29, 8, '2024-09-15 19:45:36.622729');
INSERT IGNORE INTO post_likes (post_id, user_id, created_at) VALUES (29, 6, '2024-09-11 02:55:36.622735');
INSERT IGNORE INTO post_likes (post_id, user_id, created_at) VALUES (29, 7, '2024-09-04 22:51:36.622740');
INSERT IGNORE INTO post_likes (post_id, user_id, created_at) VALUES (29, 10, '2024-09-16 04:54:36.622746');
INSERT IGNORE INTO post_likes (post_id, user_id, created_at) VALUES (29, 5, '2024-09-09 18:34:36.622751');
INSERT IGNORE INTO post_likes (post_id, user_id, created_at) VALUES (29, 3, '2024-08-21 04:33:36.622757');
INSERT IGNORE INTO post_likes (post_id, user_id, created_at) VALUES (29, 3, '2024-09-07 13:47:36.622762');
INSERT IGNORE INTO post_likes (post_id, user_id, created_at) VALUES (30, 5, '2024-08-24 18:17:36.622781');
INSERT IGNORE INTO post_likes (post_id, user_id, created_at) VALUES (30, 6, '2024-09-16 20:36:36.622787');
INSERT IGNORE INTO post_likes (post_id, user_id, created_at) VALUES (30, 3, '2024-08-31 15:04:36.622792');
INSERT IGNORE INTO post_likes (post_id, user_id, created_at) VALUES (30, 7, '2024-09-08 18:20:36.622798');
INSERT IGNORE INTO post_likes (post_id, user_id, created_at) VALUES (30, 9, '2024-09-17 14:18:36.622803');
INSERT IGNORE INTO post_likes (post_id, user_id, created_at) VALUES (30, 2, '2024-09-07 11:37:36.622808');
INSERT INTO comment (post_id, user_id, content, deleted, likedNum, created_at, updated_at) VALUES (1, 4, 'Comment 1: This is a top-level comment.', FALSE, 3, '2024-09-04 16:38:19.989567', '2024-09-04 16:38:19.989567');
INSERT INTO comment (post_id, user_id, parent_id, content, deleted, likedNum, created_at, updated_at) VALUES (1, 5, 1, 'Reply 2: This is a nested reply.', FALSE, 2, '2024-09-08 08:19:19.989628', '2024-09-08 08:19:19.989628');
INSERT INTO comment (post_id, user_id, content, deleted, likedNum, created_at, updated_at) VALUES (1, 7, 'Comment 3: This is a top-level comment.', FALSE, 9, '2024-09-04 04:10:19.989652', '2024-09-04 04:10:19.989652');
INSERT INTO comment (post_id, user_id, content, deleted, likedNum, created_at, updated_at) VALUES (1, 5, 'Comment 4: This is a top-level comment.', FALSE, 8, '2024-09-06 16:55:19.989670', '2024-09-06 16:55:19.989670');
INSERT INTO comment (post_id, user_id, parent_id, content, deleted, likedNum, created_at, updated_at) VALUES (1, 9, 4, 'Reply 5: This is a nested reply.', FALSE, 1, '2024-08-28 07:39:19.989686', '2024-08-28 07:39:19.989686');
INSERT INTO comment (post_id, user_id, parent_id, content, deleted, likedNum, created_at, updated_at) VALUES (1, 4, 4, 'Reply 6: This is a nested reply.', FALSE, 1, '2024-09-07 00:45:19.989700', '2024-09-07 00:45:19.989700');
INSERT INTO comment (post_id, user_id, content, deleted, likedNum, created_at, updated_at) VALUES (1, 4, 'Comment 7: This is a top-level comment.', FALSE, 6, '2024-08-30 15:44:19.989714', '2024-08-30 15:44:19.989714');
INSERT INTO comment (post_id, user_id, parent_id, content, deleted, likedNum, created_at, updated_at) VALUES (1, 3, 7, 'Reply 8: This is a nested reply.', FALSE, 3, '2024-08-22 14:25:19.989734', '2024-08-22 14:25:19.989734');
INSERT INTO comment (post_id, user_id, parent_id, content, deleted, likedNum, created_at, updated_at) VALUES (1, 9, 7, 'Reply 9: This is a nested reply.', FALSE, 4, '2024-09-17 00:52:19.989751', '2024-09-17 00:52:19.989751');
INSERT INTO comment (post_id, user_id, parent_id, content, deleted, likedNum, created_at, updated_at) VALUES (1, 1, 7, 'Reply 10: This is a nested reply.', FALSE, 5, '2024-09-09 02:53:19.989766', '2024-09-09 02:53:19.989766');
INSERT INTO comment (post_id, user_id, content, deleted, likedNum, created_at, updated_at) VALUES (2, 9, 'Comment 11: This is a top-level comment.', FALSE, 8, '2024-09-03 23:00:19.989784', '2024-09-03 23:00:19.989784');
INSERT INTO comment (post_id, user_id, parent_id, content, deleted, likedNum, created_at, updated_at) VALUES (2, 9, 11, 'Reply 12: This is a nested reply.', FALSE, 0, '2024-08-20 08:49:19.989800', '2024-08-20 08:49:19.989800');
INSERT INTO comment (post_id, user_id, parent_id, content, deleted, likedNum, created_at, updated_at) VALUES (2, 9, 11, 'Reply 13: This is a nested reply.', FALSE, 1, '2024-09-19 05:12:19.989815', '2024-09-19 05:12:19.989815');
INSERT INTO comment (post_id, user_id, content, deleted, likedNum, created_at, updated_at) VALUES (2, 1, 'Comment 14: This is a top-level comment.', FALSE, 8, '2024-09-06 18:37:19.989829', '2024-09-06 18:37:19.989829');
INSERT INTO comment (post_id, user_id, parent_id, content, deleted, likedNum, created_at, updated_at) VALUES (2, 2, 14, 'Reply 15: This is a nested reply.', FALSE, 0, '2024-09-11 08:47:19.989844', '2024-09-11 08:47:19.989844');
INSERT INTO comment (post_id, user_id, parent_id, content, deleted, likedNum, created_at, updated_at) VALUES (2, 6, 14, 'Reply 16: This is a nested reply.', FALSE, 3, '2024-09-03 04:03:19.989857', '2024-09-03 04:03:19.989857');
INSERT INTO comment (post_id, user_id, parent_id, content, deleted, likedNum, created_at, updated_at) VALUES (2, 9, 14, 'Reply 17: This is a nested reply.', FALSE, 5, '2024-08-31 18:00:19.989870', '2024-08-31 18:00:19.989870');
INSERT INTO comment (post_id, user_id, content, deleted, likedNum, created_at, updated_at) VALUES (2, 10, 'Comment 18: This is a top-level comment.', FALSE, 10, '2024-09-05 06:47:19.989883', '2024-09-05 06:47:19.989883');
INSERT INTO comment (post_id, user_id, parent_id, content, deleted, likedNum, created_at, updated_at) VALUES (2, 1, 18, 'Reply 19: This is a nested reply.', FALSE, 2, '2024-08-29 17:37:19.989899', '2024-08-29 17:37:19.989899');
INSERT INTO comment (post_id, user_id, parent_id, content, deleted, likedNum, created_at, updated_at) VALUES (2, 7, 18, 'Reply 20: This is a nested reply.', FALSE, 4, '2024-09-18 07:22:19.989914', '2024-09-18 07:22:19.989914');
INSERT INTO comment (post_id, user_id, parent_id, content, deleted, likedNum, created_at, updated_at) VALUES (2, 8, 18, 'Reply 21: This is a nested reply.', FALSE, 5, '2024-09-16 20:35:19.989928', '2024-09-16 20:35:19.989928');
INSERT INTO comment (post_id, user_id, content, deleted, likedNum, created_at, updated_at) VALUES (2, 3, 'Comment 22: This is a top-level comment.', FALSE, 2, '2024-08-20 13:05:19.989941', '2024-08-20 13:05:19.989941');
INSERT INTO comment (post_id, user_id, parent_id, content, deleted, likedNum, created_at, updated_at) VALUES (2, 10, 22, 'Reply 23: This is a nested reply.', FALSE, 5, '2024-08-29 02:45:19.989955', '2024-08-29 02:45:19.989955');
INSERT INTO comment (post_id, user_id, parent_id, content, deleted, likedNum, created_at, updated_at) VALUES (2, 4, 22, 'Reply 24: This is a nested reply.', FALSE, 4, '2024-09-01 00:06:19.989969', '2024-09-01 00:06:19.989969');
INSERT INTO comment (post_id, user_id, content, deleted, likedNum, created_at, updated_at) VALUES (2, 2, 'Comment 25: This is a top-level comment.', FALSE, 5, '2024-08-31 19:17:19.989983', '2024-08-31 19:17:19.989983');
INSERT INTO comment (post_id, user_id, parent_id, content, deleted, likedNum, created_at, updated_at) VALUES (2, 10, 25, 'Reply 26: This is a nested reply.', FALSE, 0, '2024-08-30 10:50:19.989997', '2024-08-30 10:50:19.989997');
INSERT INTO comment (post_id, user_id, parent_id, content, deleted, likedNum, created_at, updated_at) VALUES (2, 6, 25, 'Reply 27: This is a nested reply.', FALSE, 4, '2024-08-29 07:47:19.990018', '2024-08-29 07:47:19.990018');
INSERT INTO comment (post_id, user_id, content, deleted, likedNum, created_at, updated_at) VALUES (3, 1, 'Comment 28: This is a top-level comment.', FALSE, 1, '2024-08-28 21:58:19.990032', '2024-08-28 21:58:19.990032');
INSERT INTO comment (post_id, user_id, parent_id, content, deleted, likedNum, created_at, updated_at) VALUES (3, 5, 28, 'Reply 29: This is a nested reply.', FALSE, 2, '2024-09-10 09:53:19.990047', '2024-09-10 09:53:19.990047');
INSERT INTO comment (post_id, user_id, parent_id, content, deleted, likedNum, created_at, updated_at) VALUES (3, 3, 28, 'Reply 30: This is a nested reply.', FALSE, 1, '2024-08-30 22:41:19.990060', '2024-08-30 22:41:19.990060');
INSERT INTO comment (post_id, user_id, parent_id, content, deleted, likedNum, created_at, updated_at) VALUES (3, 1, 28, 'Reply 31: This is a nested reply.', FALSE, 5, '2024-08-23 21:50:19.990073', '2024-08-23 21:50:19.990073');
INSERT INTO comment (post_id, user_id, content, deleted, likedNum, created_at, updated_at) VALUES (3, 1, 'Comment 32: This is a top-level comment.', FALSE, 5, '2024-08-28 21:09:19.990087', '2024-08-28 21:09:19.990087');
INSERT INTO comment (post_id, user_id, parent_id, content, deleted, likedNum, created_at, updated_at) VALUES (3, 6, 32, 'Reply 33: This is a nested reply.', FALSE, 1, '2024-08-20 22:29:19.990101', '2024-08-20 22:29:19.990101');
INSERT INTO comment (post_id, user_id, content, deleted, likedNum, created_at, updated_at) VALUES (3, 1, 'Comment 34: This is a top-level comment.', FALSE, 0, '2024-08-23 09:42:19.990115', '2024-08-23 09:42:19.990115');
INSERT INTO comment (post_id, user_id, content, deleted, likedNum, created_at, updated_at) VALUES (3, 4, 'Comment 35: This is a top-level comment.', FALSE, 1, '2024-08-27 11:29:19.990131', '2024-08-27 11:29:19.990131');
INSERT INTO comment (post_id, user_id, content, deleted, likedNum, created_at, updated_at) VALUES (4, 2, 'Comment 36: This is a top-level comment.', FALSE, 6, '2024-09-14 05:18:19.990146', '2024-09-14 05:18:19.990146');
INSERT INTO comment (post_id, user_id, parent_id, content, deleted, likedNum, created_at, updated_at) VALUES (4, 4, 36, 'Reply 37: This is a nested reply.', FALSE, 0, '2024-09-17 20:59:19.990161', '2024-09-17 20:59:19.990161');
INSERT INTO comment (post_id, user_id, content, deleted, likedNum, created_at, updated_at) VALUES (4, 9, 'Comment 38: This is a top-level comment.', FALSE, 3, '2024-09-11 00:55:19.990174', '2024-09-11 00:55:19.990174');
INSERT INTO comment (post_id, user_id, content, deleted, likedNum, created_at, updated_at) VALUES (4, 4, 'Comment 39: This is a top-level comment.', FALSE, 9, '2024-08-20 15:03:19.990189', '2024-08-20 15:03:19.990189');
INSERT INTO comment (post_id, user_id, parent_id, content, deleted, likedNum, created_at, updated_at) VALUES (4, 10, 39, 'Reply 40: This is a nested reply.', FALSE, 5, '2024-08-23 07:37:19.990203', '2024-08-23 07:37:19.990203');
INSERT INTO comment (post_id, user_id, parent_id, content, deleted, likedNum, created_at, updated_at) VALUES (4, 6, 39, 'Reply 41: This is a nested reply.', FALSE, 5, '2024-08-27 20:25:19.990217', '2024-08-27 20:25:19.990217');
INSERT INTO comment (post_id, user_id, parent_id, content, deleted, likedNum, created_at, updated_at) VALUES (4, 10, 39, 'Reply 42: This is a nested reply.', FALSE, 3, '2024-09-11 19:05:19.990231', '2024-09-11 19:05:19.990231');
INSERT INTO comment (post_id, user_id, content, deleted, likedNum, created_at, updated_at) VALUES (4, 4, 'Comment 43: This is a top-level comment.', FALSE, 6, '2024-09-19 01:36:19.990244', '2024-09-19 01:36:19.990244');
INSERT INTO comment (post_id, user_id, parent_id, content, deleted, likedNum, created_at, updated_at) VALUES (4, 1, 43, 'Reply 44: This is a nested reply.', FALSE, 1, '2024-09-06 02:58:19.990258', '2024-09-06 02:58:19.990258');
INSERT INTO comment (post_id, user_id, parent_id, content, deleted, likedNum, created_at, updated_at) VALUES (4, 9, 43, 'Reply 45: This is a nested reply.', FALSE, 4, '2024-08-29 14:37:19.990272', '2024-08-29 14:37:19.990272');
INSERT INTO comment (post_id, user_id, parent_id, content, deleted, likedNum, created_at, updated_at) VALUES (4, 2, 43, 'Reply 46: This is a nested reply.', FALSE, 3, '2024-08-21 19:16:19.990287', '2024-08-21 19:16:19.990287');
INSERT INTO comment (post_id, user_id, content, deleted, likedNum, created_at, updated_at) VALUES (4, 7, 'Comment 47: This is a top-level comment.', FALSE, 4, '2024-09-17 03:22:19.990300', '2024-09-17 03:22:19.990300');
INSERT INTO comment (post_id, user_id, parent_id, content, deleted, likedNum, created_at, updated_at) VALUES (4, 10, 47, 'Reply 48: This is a nested reply.', FALSE, 3, '2024-09-08 18:34:19.990316', '2024-09-08 18:34:19.990316');
INSERT INTO comment (post_id, user_id, content, deleted, likedNum, created_at, updated_at) VALUES (5, 10, 'Comment 49: This is a top-level comment.', FALSE, 1, '2024-08-22 01:03:19.990330', '2024-08-22 01:03:19.990330');
INSERT INTO comment (post_id, user_id, parent_id, content, deleted, likedNum, created_at, updated_at) VALUES (5, 2, 49, 'Reply 50: This is a nested reply.', FALSE, 1, '2024-09-09 20:12:19.990345', '2024-09-09 20:12:19.990345');
INSERT INTO comment (post_id, user_id, parent_id, content, deleted, likedNum, created_at, updated_at) VALUES (5, 1, 49, 'Reply 51: This is a nested reply.', FALSE, 2, '2024-09-02 21:08:19.990359', '2024-09-02 21:08:19.990359');
INSERT INTO comment (post_id, user_id, content, deleted, likedNum, created_at, updated_at) VALUES (5, 1, 'Comment 52: This is a top-level comment.', FALSE, 5, '2024-08-27 06:54:19.990373', '2024-08-27 06:54:19.990373');
INSERT INTO comment (post_id, user_id, parent_id, content, deleted, likedNum, created_at, updated_at) VALUES (5, 1, 52, 'Reply 53: This is a nested reply.', FALSE, 0, '2024-09-14 12:20:19.990388', '2024-09-14 12:20:19.990388');
INSERT INTO comment (post_id, user_id, parent_id, content, deleted, likedNum, created_at, updated_at) VALUES (5, 2, 52, 'Reply 54: This is a nested reply.', FALSE, 1, '2024-09-11 11:10:19.990402', '2024-09-11 11:10:19.990402');
INSERT INTO comment (post_id, user_id, content, deleted, likedNum, created_at, updated_at) VALUES (5, 10, 'Comment 55: This is a top-level comment.', FALSE, 6, '2024-09-16 17:35:19.990415', '2024-09-16 17:35:19.990415');
INSERT INTO comment (post_id, user_id, parent_id, content, deleted, likedNum, created_at, updated_at) VALUES (5, 8, 55, 'Reply 56: This is a nested reply.', FALSE, 4, '2024-09-09 05:06:19.990430', '2024-09-09 05:06:19.990430');
INSERT INTO comment (post_id, user_id, parent_id, content, deleted, likedNum, created_at, updated_at) VALUES (5, 3, 55, 'Reply 57: This is a nested reply.', FALSE, 1, '2024-08-22 07:24:19.990444', '2024-08-22 07:24:19.990444');
INSERT INTO comment (post_id, user_id, parent_id, content, deleted, likedNum, created_at, updated_at) VALUES (5, 9, 55, 'Reply 58: This is a nested reply.', FALSE, 3, '2024-09-11 17:11:19.990458', '2024-09-11 17:11:19.990458');
INSERT INTO comment (post_id, user_id, content, deleted, likedNum, created_at, updated_at) VALUES (5, 6, 'Comment 59: This is a top-level comment.', FALSE, 4, '2024-08-31 11:24:19.990475', '2024-08-31 11:24:19.990475');
INSERT INTO comment (post_id, user_id, parent_id, content, deleted, likedNum, created_at, updated_at) VALUES (5, 6, 59, 'Reply 60: This is a nested reply.', FALSE, 4, '2024-08-27 02:48:19.990490', '2024-08-27 02:48:19.990490');
INSERT INTO comment (post_id, user_id, content, deleted, likedNum, created_at, updated_at) VALUES (5, 5, 'Comment 61: This is a top-level comment.', FALSE, 10, '2024-09-14 06:15:19.990504', '2024-09-14 06:15:19.990504');
INSERT INTO comment (post_id, user_id, parent_id, content, deleted, likedNum, created_at, updated_at) VALUES (5, 9, 61, 'Reply 62: This is a nested reply.', FALSE, 0, '2024-09-14 04:34:19.990642', '2024-09-14 04:34:19.990642');
INSERT INTO comment (post_id, user_id, content, deleted, likedNum, created_at, updated_at) VALUES (6, 8, 'Comment 63: This is a top-level comment.', FALSE, 4, '2024-09-05 12:50:19.990658', '2024-09-05 12:50:19.990658');
INSERT INTO comment (post_id, user_id, parent_id, content, deleted, likedNum, created_at, updated_at) VALUES (6, 1, 63, 'Reply 64: This is a nested reply.', FALSE, 3, '2024-08-26 11:35:19.990673', '2024-08-26 11:35:19.990673');
INSERT INTO comment (post_id, user_id, parent_id, content, deleted, likedNum, created_at, updated_at) VALUES (6, 4, 63, 'Reply 65: This is a nested reply.', FALSE, 0, '2024-08-23 10:07:19.990686', '2024-08-23 10:07:19.990686');
INSERT INTO comment (post_id, user_id, parent_id, content, deleted, likedNum, created_at, updated_at) VALUES (6, 1, 63, 'Reply 66: This is a nested reply.', FALSE, 5, '2024-09-09 03:42:19.990700', '2024-09-09 03:42:19.990700');
INSERT INTO comment (post_id, user_id, content, deleted, likedNum, created_at, updated_at) VALUES (6, 4, 'Comment 67: This is a top-level comment.', FALSE, 0, '2024-09-06 22:28:19.990715', '2024-09-06 22:28:19.990715');
INSERT INTO comment (post_id, user_id, parent_id, content, deleted, likedNum, created_at, updated_at) VALUES (6, 5, 67, 'Reply 68: This is a nested reply.', FALSE, 4, '2024-09-09 17:20:19.990729', '2024-09-09 17:20:19.990729');
INSERT INTO comment (post_id, user_id, content, deleted, likedNum, created_at, updated_at) VALUES (6, 1, 'Comment 69: This is a top-level comment.', FALSE, 0, '2024-09-09 07:55:19.990742', '2024-09-09 07:55:19.990742');
INSERT INTO comment (post_id, user_id, parent_id, content, deleted, likedNum, created_at, updated_at) VALUES (6, 1, 69, 'Reply 70: This is a nested reply.', FALSE, 3, '2024-09-11 03:05:19.990757', '2024-09-11 03:05:19.990757');
INSERT INTO comment (post_id, user_id, parent_id, content, deleted, likedNum, created_at, updated_at) VALUES (6, 8, 69, 'Reply 71: This is a nested reply.', FALSE, 5, '2024-09-17 04:12:19.990770', '2024-09-17 04:12:19.990770');
INSERT INTO comment (post_id, user_id, content, deleted, likedNum, created_at, updated_at) VALUES (6, 1, 'Comment 72: This is a top-level comment.', FALSE, 9, '2024-09-09 18:05:19.990783', '2024-09-09 18:05:19.990783');
INSERT INTO comment (post_id, user_id, parent_id, content, deleted, likedNum, created_at, updated_at) VALUES (6, 3, 72, 'Reply 73: This is a nested reply.', FALSE, 4, '2024-09-11 08:12:19.990797', '2024-09-11 08:12:19.990797');
INSERT INTO comment (post_id, user_id, parent_id, content, deleted, likedNum, created_at, updated_at) VALUES (6, 2, 72, 'Reply 74: This is a nested reply.', FALSE, 4, '2024-08-30 07:36:19.990811', '2024-08-30 07:36:19.990811');
INSERT INTO comment (post_id, user_id, content, deleted, likedNum, created_at, updated_at) VALUES (6, 9, 'Comment 75: This is a top-level comment.', FALSE, 8, '2024-08-25 06:33:19.990825', '2024-08-25 06:33:19.990825');
INSERT INTO comment (post_id, user_id, parent_id, content, deleted, likedNum, created_at, updated_at) VALUES (6, 7, 75, 'Reply 76: This is a nested reply.', FALSE, 1, '2024-09-16 03:43:19.990840', '2024-09-16 03:43:19.990840');
INSERT INTO comment (post_id, user_id, parent_id, content, deleted, likedNum, created_at, updated_at) VALUES (6, 1, 75, 'Reply 77: This is a nested reply.', FALSE, 2, '2024-09-01 05:49:19.990853', '2024-09-01 05:49:19.990853');
INSERT INTO comment (post_id, user_id, parent_id, content, deleted, likedNum, created_at, updated_at) VALUES (6, 1, 75, 'Reply 78: This is a nested reply.', FALSE, 2, '2024-09-11 21:58:19.990868', '2024-09-11 21:58:19.990868');
INSERT INTO comment (post_id, user_id, content, deleted, likedNum, created_at, updated_at) VALUES (7, 6, 'Comment 79: This is a top-level comment.', FALSE, 9, '2024-09-09 04:22:19.990882', '2024-09-09 04:22:19.990882');
INSERT INTO comment (post_id, user_id, parent_id, content, deleted, likedNum, created_at, updated_at) VALUES (7, 10, 79, 'Reply 80: This is a nested reply.', FALSE, 4, '2024-09-17 06:26:19.990896', '2024-09-17 06:26:19.990896');
INSERT INTO comment (post_id, user_id, content, deleted, likedNum, created_at, updated_at) VALUES (7, 4, 'Comment 81: This is a top-level comment.', FALSE, 5, '2024-09-10 10:14:19.990909', '2024-09-10 10:14:19.990909');
INSERT INTO comment (post_id, user_id, parent_id, content, deleted, likedNum, created_at, updated_at) VALUES (7, 5, 81, 'Reply 82: This is a nested reply.', FALSE, 5, '2024-09-01 18:54:19.990924', '2024-09-01 18:54:19.990924');
INSERT INTO comment (post_id, user_id, parent_id, content, deleted, likedNum, created_at, updated_at) VALUES (7, 9, 81, 'Reply 83: This is a nested reply.', FALSE, 2, '2024-08-22 02:54:19.990938', '2024-08-22 02:54:19.990938');
INSERT INTO comment (post_id, user_id, parent_id, content, deleted, likedNum, created_at, updated_at) VALUES (7, 6, 81, 'Reply 84: This is a nested reply.', FALSE, 0, '2024-08-27 10:44:19.990951', '2024-08-27 10:44:19.990951');
INSERT INTO comment (post_id, user_id, content, deleted, likedNum, created_at, updated_at) VALUES (7, 7, 'Comment 85: This is a top-level comment.', FALSE, 5, '2024-09-11 00:22:19.990964', '2024-09-11 00:22:19.990964');
INSERT INTO comment (post_id, user_id, parent_id, content, deleted, likedNum, created_at, updated_at) VALUES (7, 2, 85, 'Reply 86: This is a nested reply.', FALSE, 1, '2024-08-30 12:44:19.990978', '2024-08-30 12:44:19.990978');
INSERT INTO comment (post_id, user_id, parent_id, content, deleted, likedNum, created_at, updated_at) VALUES (7, 6, 85, 'Reply 87: This is a nested reply.', FALSE, 2, '2024-09-12 20:30:19.990993', '2024-09-12 20:30:19.990993');
INSERT INTO comment (post_id, user_id, parent_id, content, deleted, likedNum, created_at, updated_at) VALUES (7, 1, 85, 'Reply 88: This is a nested reply.', FALSE, 5, '2024-09-04 06:48:19.991006', '2024-09-04 06:48:19.991006');
INSERT INTO comment (post_id, user_id, content, deleted, likedNum, created_at, updated_at) VALUES (8, 9, 'Comment 89: This is a top-level comment.', FALSE, 9, '2024-09-07 21:49:19.991021', '2024-09-07 21:49:19.991021');
INSERT INTO comment (post_id, user_id, parent_id, content, deleted, likedNum, created_at, updated_at) VALUES (8, 10, 89, 'Reply 90: This is a nested reply.', FALSE, 5, '2024-09-01 18:42:19.991036', '2024-09-01 18:42:19.991036');
INSERT INTO comment (post_id, user_id, parent_id, content, deleted, likedNum, created_at, updated_at) VALUES (8, 3, 89, 'Reply 91: This is a nested reply.', FALSE, 1, '2024-09-08 11:35:19.991049', '2024-09-08 11:35:19.991049');
INSERT INTO comment (post_id, user_id, parent_id, content, deleted, likedNum, created_at, updated_at) VALUES (8, 9, 89, 'Reply 92: This is a nested reply.', FALSE, 2, '2024-08-28 17:10:19.991061', '2024-08-28 17:10:19.991061');
INSERT INTO comment (post_id, user_id, content, deleted, likedNum, created_at, updated_at) VALUES (8, 6, 'Comment 93: This is a top-level comment.', FALSE, 9, '2024-08-30 08:44:19.991074', '2024-08-30 08:44:19.991074');
INSERT INTO comment (post_id, user_id, parent_id, content, deleted, likedNum, created_at, updated_at) VALUES (8, 6, 93, 'Reply 94: This is a nested reply.', FALSE, 0, '2024-09-09 06:19:19.991090', '2024-09-09 06:19:19.991090');
INSERT INTO comment (post_id, user_id, content, deleted, likedNum, created_at, updated_at) VALUES (9, 2, 'Comment 95: This is a top-level comment.', FALSE, 0, '2024-08-31 03:27:19.991104', '2024-08-31 03:27:19.991104');
INSERT INTO comment (post_id, user_id, parent_id, content, deleted, likedNum, created_at, updated_at) VALUES (9, 3, 95, 'Reply 96: This is a nested reply.', FALSE, 2, '2024-09-09 07:19:19.991119', '2024-09-09 07:19:19.991119');
INSERT INTO comment (post_id, user_id, parent_id, content, deleted, likedNum, created_at, updated_at) VALUES (9, 3, 95, 'Reply 97: This is a nested reply.', FALSE, 1, '2024-09-11 08:15:19.991132', '2024-09-11 08:15:19.991132');
INSERT INTO comment (post_id, user_id, content, deleted, likedNum, created_at, updated_at) VALUES (9, 1, 'Comment 98: This is a top-level comment.', FALSE, 3, '2024-08-26 08:09:19.991144', '2024-08-26 08:09:19.991144');
INSERT INTO comment (post_id, user_id, parent_id, content, deleted, likedNum, created_at, updated_at) VALUES (9, 8, 98, 'Reply 99: This is a nested reply.', FALSE, 1, '2024-08-23 11:17:19.991158', '2024-08-23 11:17:19.991158');
INSERT INTO comment (post_id, user_id, parent_id, content, deleted, likedNum, created_at, updated_at) VALUES (9, 2, 98, 'Reply 100: This is a nested reply.', FALSE, 5, '2024-09-07 11:01:19.991169', '2024-09-07 11:01:19.991169');
INSERT INTO comment (post_id, user_id, parent_id, content, deleted, likedNum, created_at, updated_at) VALUES (9, 6, 98, 'Reply 101: This is a nested reply.', FALSE, 2, '2024-09-08 20:09:19.991177', '2024-09-08 20:09:19.991177');
INSERT INTO comment (post_id, user_id, content, deleted, likedNum, created_at, updated_at) VALUES (9, 5, 'Comment 102: This is a top-level comment.', FALSE, 0, '2024-09-02 00:08:19.991185', '2024-09-02 00:08:19.991185');
INSERT INTO comment (post_id, user_id, content, deleted, likedNum, created_at, updated_at) VALUES (9, 7, 'Comment 103: This is a top-level comment.', FALSE, 1, '2024-09-07 18:27:19.991193', '2024-09-07 18:27:19.991193');
INSERT INTO comment (post_id, user_id, parent_id, content, deleted, likedNum, created_at, updated_at) VALUES (9, 4, 103, 'Reply 104: This is a nested reply.', FALSE, 5, '2024-08-26 05:45:19.991202', '2024-08-26 05:45:19.991202');
INSERT INTO comment (post_id, user_id, content, deleted, likedNum, created_at, updated_at) VALUES (10, 10, 'Comment 105: This is a top-level comment.', FALSE, 5, '2024-09-09 23:43:19.991210', '2024-09-09 23:43:19.991210');
INSERT INTO comment (post_id, user_id, parent_id, content, deleted, likedNum, created_at, updated_at) VALUES (10, 5, 105, 'Reply 106: This is a nested reply.', FALSE, 4, '2024-09-03 18:33:19.991219', '2024-09-03 18:33:19.991219');
INSERT INTO comment (post_id, user_id, content, deleted, likedNum, created_at, updated_at) VALUES (10, 7, 'Comment 107: This is a top-level comment.', FALSE, 7, '2024-08-26 06:24:19.991227', '2024-08-26 06:24:19.991227');
INSERT INTO comment (post_id, user_id, parent_id, content, deleted, likedNum, created_at, updated_at) VALUES (10, 2, 107, 'Reply 108: This is a nested reply.', FALSE, 2, '2024-08-29 03:39:19.991235', '2024-08-29 03:39:19.991235');
INSERT INTO comment (post_id, user_id, content, deleted, likedNum, created_at, updated_at) VALUES (10, 1, 'Comment 109: This is a top-level comment.', FALSE, 0, '2024-09-10 03:47:19.991243', '2024-09-10 03:47:19.991243');
INSERT INTO comment (post_id, user_id, parent_id, content, deleted, likedNum, created_at, updated_at) VALUES (10, 9, 109, 'Reply 110: This is a nested reply.', FALSE, 3, '2024-09-07 20:21:19.991251', '2024-09-07 20:21:19.991251');
INSERT INTO comment (post_id, user_id, parent_id, content, deleted, likedNum, created_at, updated_at) VALUES (10, 8, 109, 'Reply 111: This is a nested reply.', FALSE, 5, '2024-08-26 12:03:19.991259', '2024-08-26 12:03:19.991259');
INSERT INTO comment (post_id, user_id, content, deleted, likedNum, created_at, updated_at) VALUES (10, 7, 'Comment 112: This is a top-level comment.', FALSE, 4, '2024-09-08 07:21:19.991267', '2024-09-08 07:21:19.991267');
INSERT INTO comment (post_id, user_id, parent_id, content, deleted, likedNum, created_at, updated_at) VALUES (10, 3, 112, 'Reply 113: This is a nested reply.', FALSE, 0, '2024-08-26 09:30:19.991275', '2024-08-26 09:30:19.991275');
INSERT INTO comment (post_id, user_id, parent_id, content, deleted, likedNum, created_at, updated_at) VALUES (10, 1, 112, 'Reply 114: This is a nested reply.', FALSE, 5, '2024-08-20 12:29:19.991284', '2024-08-20 12:29:19.991284');
INSERT INTO comment (post_id, user_id, parent_id, content, deleted, likedNum, created_at, updated_at) VALUES (10, 4, 112, 'Reply 115: This is a nested reply.', FALSE, 2, '2024-09-17 04:56:19.991297', '2024-09-17 04:56:19.991297');
INSERT INTO comment (post_id, user_id, content, deleted, likedNum, created_at, updated_at) VALUES (11, 4, 'Comment 116: This is a top-level comment.', FALSE, 2, '2024-08-31 17:28:19.991311', '2024-08-31 17:28:19.991311');
INSERT INTO comment (post_id, user_id, parent_id, content, deleted, likedNum, created_at, updated_at) VALUES (11, 2, 116, 'Reply 117: This is a nested reply.', FALSE, 5, '2024-09-18 05:47:19.991324', '2024-09-18 05:47:19.991324');
INSERT INTO comment (post_id, user_id, parent_id, content, deleted, likedNum, created_at, updated_at) VALUES (11, 5, 116, 'Reply 118: This is a nested reply.', FALSE, 4, '2024-08-25 17:13:19.991338', '2024-08-25 17:13:19.991338');
INSERT INTO comment (post_id, user_id, content, deleted, likedNum, created_at, updated_at) VALUES (11, 2, 'Comment 119: This is a top-level comment.', FALSE, 9, '2024-08-23 00:50:19.991351', '2024-08-23 00:50:19.991351');
INSERT INTO comment (post_id, user_id, parent_id, content, deleted, likedNum, created_at, updated_at) VALUES (11, 9, 119, 'Reply 120: This is a nested reply.', FALSE, 1, '2024-09-08 13:25:19.991366', '2024-09-08 13:25:19.991366');
INSERT INTO comment (post_id, user_id, content, deleted, likedNum, created_at, updated_at) VALUES (11, 3, 'Comment 121: This is a top-level comment.', FALSE, 7, '2024-09-13 00:21:19.991379', '2024-09-13 00:21:19.991379');
INSERT INTO comment (post_id, user_id, parent_id, content, deleted, likedNum, created_at, updated_at) VALUES (11, 3, 121, 'Reply 122: This is a nested reply.', FALSE, 1, '2024-09-19 18:52:19.991394', '2024-09-19 18:52:19.991394');
INSERT INTO comment (post_id, user_id, content, deleted, likedNum, created_at, updated_at) VALUES (12, 5, 'Comment 123: This is a top-level comment.', FALSE, 2, '2024-09-01 08:18:19.991412', '2024-09-01 08:18:19.991412');
INSERT INTO comment (post_id, user_id, parent_id, content, deleted, likedNum, created_at, updated_at) VALUES (12, 10, 123, 'Reply 124: This is a nested reply.', FALSE, 4, '2024-08-27 21:05:19.991425', '2024-08-27 21:05:19.991425');
INSERT INTO comment (post_id, user_id, content, deleted, likedNum, created_at, updated_at) VALUES (12, 2, 'Comment 125: This is a top-level comment.', FALSE, 9, '2024-09-12 00:51:19.991439', '2024-09-12 00:51:19.991439');
INSERT INTO comment (post_id, user_id, content, deleted, likedNum, created_at, updated_at) VALUES (12, 6, 'Comment 126: This is a top-level comment.', FALSE, 5, '2024-09-17 02:58:19.991453', '2024-09-17 02:58:19.991453');
INSERT INTO comment (post_id, user_id, parent_id, content, deleted, likedNum, created_at, updated_at) VALUES (12, 9, 126, 'Reply 127: This is a nested reply.', FALSE, 3, '2024-08-24 01:05:19.991468', '2024-08-24 01:05:19.991468');
INSERT INTO comment (post_id, user_id, parent_id, content, deleted, likedNum, created_at, updated_at) VALUES (12, 6, 126, 'Reply 128: This is a nested reply.', FALSE, 4, '2024-09-18 06:59:19.991482', '2024-09-18 06:59:19.991482');
INSERT INTO comment (post_id, user_id, parent_id, content, deleted, likedNum, created_at, updated_at) VALUES (12, 7, 126, 'Reply 129: This is a nested reply.', FALSE, 3, '2024-09-14 00:04:19.991495', '2024-09-14 00:04:19.991495');
INSERT INTO comment (post_id, user_id, content, deleted, likedNum, created_at, updated_at) VALUES (12, 2, 'Comment 130: This is a top-level comment.', FALSE, 7, '2024-08-28 08:39:19.991509', '2024-08-28 08:39:19.991509');
INSERT INTO comment (post_id, user_id, parent_id, content, deleted, likedNum, created_at, updated_at) VALUES (12, 10, 130, 'Reply 131: This is a nested reply.', FALSE, 5, '2024-08-27 06:34:19.991524', '2024-08-27 06:34:19.991524');
INSERT INTO comment (post_id, user_id, parent_id, content, deleted, likedNum, created_at, updated_at) VALUES (12, 7, 130, 'Reply 132: This is a nested reply.', FALSE, 2, '2024-08-24 22:53:19.991538', '2024-08-24 22:53:19.991538');
INSERT INTO comment (post_id, user_id, content, deleted, likedNum, created_at, updated_at) VALUES (12, 3, 'Comment 133: This is a top-level comment.', FALSE, 3, '2024-09-13 17:35:19.991551', '2024-09-13 17:35:19.991551');
INSERT INTO comment (post_id, user_id, parent_id, content, deleted, likedNum, created_at, updated_at) VALUES (12, 7, 133, 'Reply 134: This is a nested reply.', FALSE, 5, '2024-09-20 04:28:19.991565', '2024-09-20 04:28:19.991565');
INSERT INTO comment (post_id, user_id, parent_id, content, deleted, likedNum, created_at, updated_at) VALUES (12, 8, 133, 'Reply 135: This is a nested reply.', FALSE, 5, '2024-08-20 09:16:19.991578', '2024-08-20 09:16:19.991578');
INSERT INTO comment (post_id, user_id, parent_id, content, deleted, likedNum, created_at, updated_at) VALUES (12, 2, 133, 'Reply 136: This is a nested reply.', FALSE, 5, '2024-08-31 03:32:19.991591', '2024-08-31 03:32:19.991591');
INSERT INTO comment (post_id, user_id, content, deleted, likedNum, created_at, updated_at) VALUES (13, 1, 'Comment 137: This is a top-level comment.', FALSE, 9, '2024-09-20 03:00:19.991606', '2024-09-20 03:00:19.991606');
INSERT INTO comment (post_id, user_id, parent_id, content, deleted, likedNum, created_at, updated_at) VALUES (13, 3, 137, 'Reply 138: This is a nested reply.', FALSE, 0, '2024-09-04 21:42:19.991621', '2024-09-04 21:42:19.991621');
INSERT INTO comment (post_id, user_id, parent_id, content, deleted, likedNum, created_at, updated_at) VALUES (13, 9, 137, 'Reply 139: This is a nested reply.', FALSE, 0, '2024-08-21 13:58:19.991635', '2024-08-21 13:58:19.991635');
INSERT INTO comment (post_id, user_id, content, deleted, likedNum, created_at, updated_at) VALUES (13, 6, 'Comment 140: This is a top-level comment.', FALSE, 10, '2024-08-27 16:31:19.991649', '2024-08-27 16:31:19.991649');
INSERT INTO comment (post_id, user_id, parent_id, content, deleted, likedNum, created_at, updated_at) VALUES (13, 9, 140, 'Reply 141: This is a nested reply.', FALSE, 4, '2024-09-02 13:48:19.991663', '2024-09-02 13:48:19.991663');
INSERT INTO comment (post_id, user_id, parent_id, content, deleted, likedNum, created_at, updated_at) VALUES (13, 4, 140, 'Reply 142: This is a nested reply.', FALSE, 2, '2024-09-10 07:58:19.991676', '2024-09-10 07:58:19.991676');
INSERT INTO comment (post_id, user_id, parent_id, content, deleted, likedNum, created_at, updated_at) VALUES (13, 5, 140, 'Reply 143: This is a nested reply.', FALSE, 0, '2024-08-23 21:22:19.991689', '2024-08-23 21:22:19.991689');
INSERT INTO comment (post_id, user_id, content, deleted, likedNum, created_at, updated_at) VALUES (14, 9, 'Comment 144: This is a top-level comment.', FALSE, 5, '2024-08-24 03:00:19.991704', '2024-08-24 03:00:19.991704');
INSERT INTO comment (post_id, user_id, parent_id, content, deleted, likedNum, created_at, updated_at) VALUES (14, 9, 144, 'Reply 145: This is a nested reply.', FALSE, 4, '2024-08-21 03:50:19.991718', '2024-08-21 03:50:19.991718');
INSERT INTO comment (post_id, user_id, parent_id, content, deleted, likedNum, created_at, updated_at) VALUES (14, 6, 144, 'Reply 146: This is a nested reply.', FALSE, 3, '2024-09-08 14:37:19.991731', '2024-09-08 14:37:19.991731');
INSERT INTO comment (post_id, user_id, content, deleted, likedNum, created_at, updated_at) VALUES (14, 6, 'Comment 147: This is a top-level comment.', FALSE, 4, '2024-09-14 07:06:19.991744', '2024-09-14 07:06:19.991744');
INSERT INTO comment (post_id, user_id, parent_id, content, deleted, likedNum, created_at, updated_at) VALUES (14, 2, 147, 'Reply 148: This is a nested reply.', FALSE, 3, '2024-09-05 20:55:19.991759', '2024-09-05 20:55:19.991759');
INSERT INTO comment (post_id, user_id, parent_id, content, deleted, likedNum, created_at, updated_at) VALUES (14, 2, 147, 'Reply 149: This is a nested reply.', FALSE, 4, '2024-08-21 08:29:19.991772', '2024-08-21 08:29:19.991772');
INSERT INTO comment (post_id, user_id, content, deleted, likedNum, created_at, updated_at) VALUES (15, 9, 'Comment 150: This is a top-level comment.', FALSE, 4, '2024-09-11 18:12:19.991787', '2024-09-11 18:12:19.991787');
INSERT INTO comment (post_id, user_id, parent_id, content, deleted, likedNum, created_at, updated_at) VALUES (15, 6, 150, 'Reply 151: This is a nested reply.', FALSE, 3, '2024-08-27 09:28:19.991802', '2024-08-27 09:28:19.991802');
INSERT INTO comment (post_id, user_id, content, deleted, likedNum, created_at, updated_at) VALUES (15, 10, 'Comment 152: This is a top-level comment.', FALSE, 3, '2024-09-03 14:40:19.991816', '2024-09-03 14:40:19.991816');
INSERT INTO comment (post_id, user_id, parent_id, content, deleted, likedNum, created_at, updated_at) VALUES (15, 10, 152, 'Reply 153: This is a nested reply.', FALSE, 1, '2024-08-28 02:32:19.991831', '2024-08-28 02:32:19.991831');
INSERT INTO comment (post_id, user_id, parent_id, content, deleted, likedNum, created_at, updated_at) VALUES (15, 7, 152, 'Reply 154: This is a nested reply.', FALSE, 3, '2024-08-26 05:23:19.991844', '2024-08-26 05:23:19.991844');
INSERT INTO comment (post_id, user_id, parent_id, content, deleted, likedNum, created_at, updated_at) VALUES (15, 5, 152, 'Reply 155: This is a nested reply.', FALSE, 2, '2024-09-14 23:46:19.991857', '2024-09-14 23:46:19.991857');
INSERT INTO comment (post_id, user_id, content, deleted, likedNum, created_at, updated_at) VALUES (15, 10, 'Comment 156: This is a top-level comment.', FALSE, 8, '2024-08-27 05:26:19.991871', '2024-08-27 05:26:19.991871');
INSERT INTO comment (post_id, user_id, parent_id, content, deleted, likedNum, created_at, updated_at) VALUES (15, 6, 156, 'Reply 157: This is a nested reply.', FALSE, 1, '2024-08-26 04:59:19.991886', '2024-08-26 04:59:19.991886');
INSERT INTO comment (post_id, user_id, parent_id, content, deleted, likedNum, created_at, updated_at) VALUES (15, 9, 156, 'Reply 158: This is a nested reply.', FALSE, 2, '2024-08-24 01:00:19.991899', '2024-08-24 01:00:19.991899');
INSERT INTO comment (post_id, user_id, content, deleted, likedNum, created_at, updated_at) VALUES (15, 1, 'Comment 159: This is a top-level comment.', FALSE, 0, '2024-08-28 11:26:19.991912', '2024-08-28 11:26:19.991912');
INSERT INTO comment (post_id, user_id, parent_id, content, deleted, likedNum, created_at, updated_at) VALUES (15, 4, 159, 'Reply 160: This is a nested reply.', FALSE, 0, '2024-09-02 12:46:19.991927', '2024-09-02 12:46:19.991927');
INSERT INTO comment (post_id, user_id, content, deleted, likedNum, created_at, updated_at) VALUES (16, 8, 'Comment 161: This is a top-level comment.', FALSE, 7, '2024-09-17 22:43:19.991942', '2024-09-17 22:43:19.991942');
INSERT INTO comment (post_id, user_id, content, deleted, likedNum, created_at, updated_at) VALUES (16, 2, 'Comment 162: This is a top-level comment.', FALSE, 6, '2024-08-29 17:43:19.991957', '2024-08-29 17:43:19.991957');
INSERT INTO comment (post_id, user_id, parent_id, content, deleted, likedNum, created_at, updated_at) VALUES (16, 1, 162, 'Reply 163: This is a nested reply.', FALSE, 4, '2024-09-11 03:40:19.991972', '2024-09-11 03:40:19.991972');
INSERT INTO comment (post_id, user_id, parent_id, content, deleted, likedNum, created_at, updated_at) VALUES (16, 5, 162, 'Reply 164: This is a nested reply.', FALSE, 1, '2024-08-29 23:49:19.991985', '2024-08-29 23:49:19.991985');
INSERT INTO comment (post_id, user_id, content, deleted, likedNum, created_at, updated_at) VALUES (17, 6, 'Comment 165: This is a top-level comment.', FALSE, 4, '2024-09-13 20:41:19.992000', '2024-09-13 20:41:19.992000');
INSERT INTO comment (post_id, user_id, parent_id, content, deleted, likedNum, created_at, updated_at) VALUES (17, 10, 165, 'Reply 166: This is a nested reply.', FALSE, 0, '2024-09-09 13:08:19.992014', '2024-09-09 13:08:19.992014');
INSERT INTO comment (post_id, user_id, parent_id, content, deleted, likedNum, created_at, updated_at) VALUES (17, 10, 165, 'Reply 167: This is a nested reply.', FALSE, 5, '2024-09-13 08:39:19.992027', '2024-09-13 08:39:19.992027');
INSERT INTO comment (post_id, user_id, content, deleted, likedNum, created_at, updated_at) VALUES (17, 5, 'Comment 168: This is a top-level comment.', FALSE, 9, '2024-09-06 13:56:19.992041', '2024-09-06 13:56:19.992041');
INSERT INTO comment (post_id, user_id, parent_id, content, deleted, likedNum, created_at, updated_at) VALUES (17, 10, 168, 'Reply 169: This is a nested reply.', FALSE, 5, '2024-08-24 05:58:19.992056', '2024-08-24 05:58:19.992056');
INSERT INTO comment (post_id, user_id, parent_id, content, deleted, likedNum, created_at, updated_at) VALUES (17, 5, 168, 'Reply 170: This is a nested reply.', FALSE, 3, '2024-08-26 17:33:19.992069', '2024-08-26 17:33:19.992069');
INSERT INTO comment (post_id, user_id, content, deleted, likedNum, created_at, updated_at) VALUES (17, 6, 'Comment 171: This is a top-level comment.', FALSE, 0, '2024-08-31 06:36:19.992083', '2024-08-31 06:36:19.992083');
INSERT INTO comment (post_id, user_id, parent_id, content, deleted, likedNum, created_at, updated_at) VALUES (17, 10, 171, 'Reply 172: This is a nested reply.', FALSE, 2, '2024-09-16 03:12:19.992096', '2024-09-16 03:12:19.992096');
INSERT INTO comment (post_id, user_id, parent_id, content, deleted, likedNum, created_at, updated_at) VALUES (17, 10, 171, 'Reply 173: This is a nested reply.', FALSE, 0, '2024-09-06 10:38:19.992111', '2024-09-06 10:38:19.992111');
INSERT INTO comment (post_id, user_id, content, deleted, likedNum, created_at, updated_at) VALUES (17, 4, 'Comment 174: This is a top-level comment.', FALSE, 2, '2024-09-18 07:56:19.992125', '2024-09-18 07:56:19.992125');
INSERT INTO comment (post_id, user_id, parent_id, content, deleted, likedNum, created_at, updated_at) VALUES (17, 5, 174, 'Reply 175: This is a nested reply.', FALSE, 2, '2024-08-22 06:03:19.992140', '2024-08-22 06:03:19.992140');
INSERT INTO comment (post_id, user_id, content, deleted, likedNum, created_at, updated_at) VALUES (17, 7, 'Comment 176: This is a top-level comment.', FALSE, 3, '2024-09-19 05:14:19.992154', '2024-09-19 05:14:19.992154');
INSERT INTO comment (post_id, user_id, parent_id, content, deleted, likedNum, created_at, updated_at) VALUES (17, 10, 176, 'Reply 177: This is a nested reply.', FALSE, 2, '2024-09-01 13:15:19.992169', '2024-09-01 13:15:19.992169');
INSERT INTO comment (post_id, user_id, parent_id, content, deleted, likedNum, created_at, updated_at) VALUES (17, 3, 176, 'Reply 178: This is a nested reply.', FALSE, 5, '2024-08-30 04:16:19.992183', '2024-08-30 04:16:19.992183');
INSERT INTO comment (post_id, user_id, parent_id, content, deleted, likedNum, created_at, updated_at) VALUES (17, 5, 176, 'Reply 179: This is a nested reply.', FALSE, 2, '2024-09-17 07:51:19.992196', '2024-09-17 07:51:19.992196');
INSERT INTO comment (post_id, user_id, content, deleted, likedNum, created_at, updated_at) VALUES (18, 1, 'Comment 180: This is a top-level comment.', FALSE, 2, '2024-09-12 20:58:19.992210', '2024-09-12 20:58:19.992210');
INSERT INTO comment (post_id, user_id, parent_id, content, deleted, likedNum, created_at, updated_at) VALUES (18, 3, 180, 'Reply 181: This is a nested reply.', FALSE, 0, '2024-09-06 19:47:19.992225', '2024-09-06 19:47:19.992225');
INSERT INTO comment (post_id, user_id, parent_id, content, deleted, likedNum, created_at, updated_at) VALUES (18, 1, 180, 'Reply 182: This is a nested reply.', FALSE, 1, '2024-09-05 21:03:19.992238', '2024-09-05 21:03:19.992238');
INSERT INTO comment (post_id, user_id, parent_id, content, deleted, likedNum, created_at, updated_at) VALUES (18, 10, 180, 'Reply 183: This is a nested reply.', FALSE, 4, '2024-08-24 15:46:19.992251', '2024-08-24 15:46:19.992251');
INSERT INTO comment (post_id, user_id, content, deleted, likedNum, created_at, updated_at) VALUES (18, 10, 'Comment 184: This is a top-level comment.', FALSE, 0, '2024-09-03 17:49:19.992265', '2024-09-03 17:49:19.992265');
INSERT INTO comment (post_id, user_id, content, deleted, likedNum, created_at, updated_at) VALUES (18, 10, 'Comment 185: This is a top-level comment.', FALSE, 4, '2024-08-23 23:31:19.992279', '2024-08-23 23:31:19.992279');
INSERT INTO comment (post_id, user_id, parent_id, content, deleted, likedNum, created_at, updated_at) VALUES (18, 9, 185, 'Reply 186: This is a nested reply.', FALSE, 1, '2024-09-14 12:52:19.992294', '2024-09-14 12:52:19.992294');
INSERT INTO comment (post_id, user_id, content, deleted, likedNum, created_at, updated_at) VALUES (18, 1, 'Comment 187: This is a top-level comment.', FALSE, 9, '2024-09-02 17:27:19.992309', '2024-09-02 17:27:19.992309');
INSERT INTO comment (post_id, user_id, parent_id, content, deleted, likedNum, created_at, updated_at) VALUES (18, 3, 187, 'Reply 188: This is a nested reply.', FALSE, 2, '2024-09-10 22:34:19.992323', '2024-09-10 22:34:19.992323');
INSERT INTO comment (post_id, user_id, parent_id, content, deleted, likedNum, created_at, updated_at) VALUES (18, 2, 187, 'Reply 189: This is a nested reply.', FALSE, 2, '2024-08-23 06:39:19.992336', '2024-08-23 06:39:19.992336');
INSERT INTO comment (post_id, user_id, parent_id, content, deleted, likedNum, created_at, updated_at) VALUES (18, 2, 187, 'Reply 190: This is a nested reply.', FALSE, 0, '2024-09-04 19:01:19.992358', '2024-09-04 19:01:19.992358');
INSERT INTO comment (post_id, user_id, content, deleted, likedNum, created_at, updated_at) VALUES (19, 5, 'Comment 191: This is a top-level comment.', FALSE, 1, '2024-09-05 07:47:19.992373', '2024-09-05 07:47:19.992373');
INSERT INTO comment (post_id, user_id, content, deleted, likedNum, created_at, updated_at) VALUES (19, 8, 'Comment 192: This is a top-level comment.', FALSE, 1, '2024-09-10 04:45:19.992395', '2024-09-10 04:45:19.992395');
INSERT INTO comment (post_id, user_id, parent_id, content, deleted, likedNum, created_at, updated_at) VALUES (19, 2, 192, 'Reply 193: This is a nested reply.', FALSE, 0, '2024-09-05 20:38:19.992410', '2024-09-05 20:38:19.992410');
INSERT INTO comment (post_id, user_id, parent_id, content, deleted, likedNum, created_at, updated_at) VALUES (19, 6, 192, 'Reply 194: This is a nested reply.', FALSE, 0, '2024-09-14 19:12:19.992423', '2024-09-14 19:12:19.992423');
INSERT INTO comment (post_id, user_id, content, deleted, likedNum, created_at, updated_at) VALUES (20, 9, 'Comment 195: This is a top-level comment.', FALSE, 7, '2024-08-30 11:59:19.992437', '2024-08-30 11:59:19.992437');
INSERT INTO comment (post_id, user_id, parent_id, content, deleted, likedNum, created_at, updated_at) VALUES (20, 9, 195, 'Reply 196: This is a nested reply.', FALSE, 5, '2024-09-08 12:37:19.992452', '2024-09-08 12:37:19.992452');
INSERT INTO comment (post_id, user_id, parent_id, content, deleted, likedNum, created_at, updated_at) VALUES (20, 5, 195, 'Reply 197: This is a nested reply.', FALSE, 2, '2024-08-22 22:11:19.992465', '2024-08-22 22:11:19.992465');
INSERT INTO comment (post_id, user_id, parent_id, content, deleted, likedNum, created_at, updated_at) VALUES (20, 2, 195, 'Reply 198: This is a nested reply.', FALSE, 4, '2024-08-23 16:25:19.992478', '2024-08-23 16:25:19.992478');
INSERT INTO comment (post_id, user_id, content, deleted, likedNum, created_at, updated_at) VALUES (20, 5, 'Comment 199: This is a top-level comment.', FALSE, 6, '2024-08-24 01:37:19.992492', '2024-08-24 01:37:19.992492');
INSERT INTO comment (post_id, user_id, content, deleted, likedNum, created_at, updated_at) VALUES (21, 9, 'Comment 200: This is a top-level comment.', FALSE, 1, '2024-08-26 22:17:19.992507', '2024-08-26 22:17:19.992507');
INSERT INTO comment (post_id, user_id, parent_id, content, deleted, likedNum, created_at, updated_at) VALUES (21, 8, 200, 'Reply 201: This is a nested reply.', FALSE, 2, '2024-08-28 04:36:19.992521', '2024-08-28 04:36:19.992521');
INSERT INTO comment (post_id, user_id, parent_id, content, deleted, likedNum, created_at, updated_at) VALUES (21, 3, 200, 'Reply 202: This is a nested reply.', FALSE, 5, '2024-09-05 01:55:19.992536', '2024-09-05 01:55:19.992536');
INSERT INTO comment (post_id, user_id, content, deleted, likedNum, created_at, updated_at) VALUES (21, 1, 'Comment 203: This is a top-level comment.', FALSE, 2, '2024-09-18 21:43:19.992550', '2024-09-18 21:43:19.992550');
INSERT INTO comment (post_id, user_id, parent_id, content, deleted, likedNum, created_at, updated_at) VALUES (21, 9, 203, 'Reply 204: This is a nested reply.', FALSE, 5, '2024-09-07 10:07:19.992564', '2024-09-07 10:07:19.992564');
INSERT INTO comment (post_id, user_id, parent_id, content, deleted, likedNum, created_at, updated_at) VALUES (21, 9, 203, 'Reply 205: This is a nested reply.', FALSE, 5, '2024-09-07 23:23:19.992577', '2024-09-07 23:23:19.992577');
INSERT INTO comment (post_id, user_id, parent_id, content, deleted, likedNum, created_at, updated_at) VALUES (21, 1, 203, 'Reply 206: This is a nested reply.', FALSE, 4, '2024-08-20 22:07:19.992590', '2024-08-20 22:07:19.992590');
INSERT INTO comment (post_id, user_id, content, deleted, likedNum, created_at, updated_at) VALUES (22, 2, 'Comment 207: This is a top-level comment.', FALSE, 10, '2024-09-02 19:41:19.992605', '2024-09-02 19:41:19.992605');
INSERT INTO comment (post_id, user_id, content, deleted, likedNum, created_at, updated_at) VALUES (22, 2, 'Comment 208: This is a top-level comment.', FALSE, 7, '2024-08-25 15:24:19.992619', '2024-08-25 15:24:19.992619');
INSERT INTO comment (post_id, user_id, parent_id, content, deleted, likedNum, created_at, updated_at) VALUES (22, 2, 208, 'Reply 209: This is a nested reply.', FALSE, 1, '2024-08-21 06:12:19.992635', '2024-08-21 06:12:19.992635');
INSERT INTO comment (post_id, user_id, parent_id, content, deleted, likedNum, created_at, updated_at) VALUES (22, 2, 208, 'Reply 210: This is a nested reply.', FALSE, 1, '2024-08-27 22:49:19.992648', '2024-08-27 22:49:19.992648');
INSERT INTO comment (post_id, user_id, parent_id, content, deleted, likedNum, created_at, updated_at) VALUES (22, 4, 208, 'Reply 211: This is a nested reply.', FALSE, 4, '2024-09-06 23:38:19.992661', '2024-09-06 23:38:19.992661');
INSERT INTO comment (post_id, user_id, content, deleted, likedNum, created_at, updated_at) VALUES (22, 6, 'Comment 212: This is a top-level comment.', FALSE, 2, '2024-09-07 01:03:19.992675', '2024-09-07 01:03:19.992675');
INSERT INTO comment (post_id, user_id, parent_id, content, deleted, likedNum, created_at, updated_at) VALUES (22, 8, 212, 'Reply 213: This is a nested reply.', FALSE, 1, '2024-09-14 20:00:19.992689', '2024-09-14 20:00:19.992689');
INSERT INTO comment (post_id, user_id, parent_id, content, deleted, likedNum, created_at, updated_at) VALUES (22, 1, 212, 'Reply 214: This is a nested reply.', FALSE, 0, '2024-08-23 10:26:19.992702', '2024-08-23 10:26:19.992702');
INSERT INTO comment (post_id, user_id, content, deleted, likedNum, created_at, updated_at) VALUES (22, 10, 'Comment 215: This is a top-level comment.', FALSE, 7, '2024-09-01 21:32:19.992715', '2024-09-01 21:32:19.992715');
INSERT INTO comment (post_id, user_id, content, deleted, likedNum, created_at, updated_at) VALUES (23, 9, 'Comment 216: This is a top-level comment.', FALSE, 9, '2024-09-06 19:25:19.992732', '2024-09-06 19:25:19.992732');
INSERT INTO comment (post_id, user_id, parent_id, content, deleted, likedNum, created_at, updated_at) VALUES (23, 1, 216, 'Reply 217: This is a nested reply.', FALSE, 0, '2024-09-18 05:00:19.992745', '2024-09-18 05:00:19.992745');
INSERT INTO comment (post_id, user_id, parent_id, content, deleted, likedNum, created_at, updated_at) VALUES (23, 2, 216, 'Reply 218: This is a nested reply.', FALSE, 2, '2024-09-13 14:34:19.992764', '2024-09-13 14:34:19.992764');
INSERT INTO comment (post_id, user_id, parent_id, content, deleted, likedNum, created_at, updated_at) VALUES (23, 5, 216, 'Reply 219: This is a nested reply.', FALSE, 1, '2024-08-21 05:25:19.992777', '2024-08-21 05:25:19.992777');
INSERT INTO comment (post_id, user_id, content, deleted, likedNum, created_at, updated_at) VALUES (23, 4, 'Comment 220: This is a top-level comment.', FALSE, 6, '2024-09-11 11:15:19.992806', '2024-09-11 11:15:19.992806');
INSERT INTO comment (post_id, user_id, parent_id, content, deleted, likedNum, created_at, updated_at) VALUES (23, 3, 220, 'Reply 221: This is a nested reply.', FALSE, 2, '2024-09-09 15:31:19.992820', '2024-09-09 15:31:19.992820');
INSERT INTO comment (post_id, user_id, content, deleted, likedNum, created_at, updated_at) VALUES (23, 6, 'Comment 222: This is a top-level comment.', FALSE, 5, '2024-09-08 03:51:19.992834', '2024-09-08 03:51:19.992834');
INSERT INTO comment (post_id, user_id, parent_id, content, deleted, likedNum, created_at, updated_at) VALUES (23, 3, 222, 'Reply 223: This is a nested reply.', FALSE, 4, '2024-08-20 17:08:19.992849', '2024-08-20 17:08:19.992849');
INSERT INTO comment (post_id, user_id, parent_id, content, deleted, likedNum, created_at, updated_at) VALUES (23, 8, 222, 'Reply 224: This is a nested reply.', FALSE, 2, '2024-09-11 12:03:19.992863', '2024-09-11 12:03:19.992863');
INSERT INTO comment (post_id, user_id, parent_id, content, deleted, likedNum, created_at, updated_at) VALUES (23, 10, 222, 'Reply 225: This is a nested reply.', FALSE, 3, '2024-09-18 05:21:19.992876', '2024-09-18 05:21:19.992876');
INSERT INTO comment (post_id, user_id, content, deleted, likedNum, created_at, updated_at) VALUES (23, 9, 'Comment 226: This is a top-level comment.', FALSE, 10, '2024-09-08 20:07:19.992890', '2024-09-08 20:07:19.992890');
INSERT INTO comment (post_id, user_id, parent_id, content, deleted, likedNum, created_at, updated_at) VALUES (23, 4, 226, 'Reply 227: This is a nested reply.', FALSE, 0, '2024-09-04 19:11:19.992905', '2024-09-04 19:11:19.992905');
INSERT INTO comment (post_id, user_id, parent_id, content, deleted, likedNum, created_at, updated_at) VALUES (23, 3, 226, 'Reply 228: This is a nested reply.', FALSE, 2, '2024-09-13 15:31:19.992917', '2024-09-13 15:31:19.992917');
INSERT INTO comment (post_id, user_id, parent_id, content, deleted, likedNum, created_at, updated_at) VALUES (23, 10, 226, 'Reply 229: This is a nested reply.', FALSE, 1, '2024-09-06 00:22:19.992930', '2024-09-06 00:22:19.992930');
INSERT INTO comment (post_id, user_id, content, deleted, likedNum, created_at, updated_at) VALUES (24, 8, 'Comment 230: This is a top-level comment.', FALSE, 7, '2024-09-15 07:55:19.992945', '2024-09-15 07:55:19.992945');
INSERT INTO comment (post_id, user_id, parent_id, content, deleted, likedNum, created_at, updated_at) VALUES (24, 5, 230, 'Reply 231: This is a nested reply.', FALSE, 2, '2024-08-28 21:51:19.992959', '2024-08-28 21:51:19.992959');
INSERT INTO comment (post_id, user_id, content, deleted, likedNum, created_at, updated_at) VALUES (24, 7, 'Comment 232: This is a top-level comment.', FALSE, 7, '2024-09-09 01:33:19.992974', '2024-09-09 01:33:19.992974');
INSERT INTO comment (post_id, user_id, parent_id, content, deleted, likedNum, created_at, updated_at) VALUES (24, 8, 232, 'Reply 233: This is a nested reply.', FALSE, 1, '2024-09-13 10:44:19.992988', '2024-09-13 10:44:19.992988');
INSERT INTO comment (post_id, user_id, parent_id, content, deleted, likedNum, created_at, updated_at) VALUES (24, 10, 232, 'Reply 234: This is a nested reply.', FALSE, 0, '2024-08-29 22:30:19.993004', '2024-08-29 22:30:19.993004');
INSERT INTO comment (post_id, user_id, parent_id, content, deleted, likedNum, created_at, updated_at) VALUES (24, 9, 232, 'Reply 235: This is a nested reply.', FALSE, 2, '2024-08-30 11:16:19.993017', '2024-08-30 11:16:19.993017');
INSERT INTO comment (post_id, user_id, content, deleted, likedNum, created_at, updated_at) VALUES (24, 2, 'Comment 236: This is a top-level comment.', FALSE, 10, '2024-09-11 16:33:19.993030', '2024-09-11 16:33:19.993030');
INSERT INTO comment (post_id, user_id, content, deleted, likedNum, created_at, updated_at) VALUES (25, 6, 'Comment 237: This is a top-level comment.', FALSE, 7, '2024-08-30 11:17:19.993045', '2024-08-30 11:17:19.993045');
INSERT INTO comment (post_id, user_id, parent_id, content, deleted, likedNum, created_at, updated_at) VALUES (25, 9, 237, 'Reply 238: This is a nested reply.', FALSE, 0, '2024-08-21 00:56:19.993060', '2024-08-21 00:56:19.993060');
INSERT INTO comment (post_id, user_id, parent_id, content, deleted, likedNum, created_at, updated_at) VALUES (25, 8, 237, 'Reply 239: This is a nested reply.', FALSE, 1, '2024-08-22 12:11:19.993073', '2024-08-22 12:11:19.993073');
INSERT INTO comment (post_id, user_id, parent_id, content, deleted, likedNum, created_at, updated_at) VALUES (25, 10, 237, 'Reply 240: This is a nested reply.', FALSE, 0, '2024-09-09 10:44:19.993086', '2024-09-09 10:44:19.993086');
INSERT INTO comment (post_id, user_id, content, deleted, likedNum, created_at, updated_at) VALUES (25, 5, 'Comment 241: This is a top-level comment.', FALSE, 1, '2024-09-13 03:48:19.993100', '2024-09-13 03:48:19.993100');
INSERT INTO comment (post_id, user_id, content, deleted, likedNum, created_at, updated_at) VALUES (25, 1, 'Comment 242: This is a top-level comment.', FALSE, 1, '2024-08-27 13:04:19.993114', '2024-08-27 13:04:19.993114');
INSERT INTO comment (post_id, user_id, parent_id, content, deleted, likedNum, created_at, updated_at) VALUES (25, 9, 242, 'Reply 243: This is a nested reply.', FALSE, 4, '2024-08-23 02:50:19.993129', '2024-08-23 02:50:19.993129');
INSERT INTO comment (post_id, user_id, content, deleted, likedNum, created_at, updated_at) VALUES (25, 8, 'Comment 244: This is a top-level comment.', FALSE, 1, '2024-09-06 08:01:19.993143', '2024-09-06 08:01:19.993143');
INSERT INTO comment (post_id, user_id, parent_id, content, deleted, likedNum, created_at, updated_at) VALUES (25, 7, 244, 'Reply 245: This is a nested reply.', FALSE, 2, '2024-08-26 22:33:19.993158', '2024-08-26 22:33:19.993158');
INSERT INTO comment (post_id, user_id, parent_id, content, deleted, likedNum, created_at, updated_at) VALUES (25, 4, 244, 'Reply 246: This is a nested reply.', FALSE, 4, '2024-08-22 08:08:19.993171', '2024-08-22 08:08:19.993171');
INSERT INTO comment (post_id, user_id, parent_id, content, deleted, likedNum, created_at, updated_at) VALUES (25, 1, 244, 'Reply 247: This is a nested reply.', FALSE, 2, '2024-09-10 15:49:19.993184', '2024-09-10 15:49:19.993184');
INSERT INTO comment (post_id, user_id, content, deleted, likedNum, created_at, updated_at) VALUES (26, 2, 'Comment 248: This is a top-level comment.', FALSE, 3, '2024-09-01 22:20:19.993198', '2024-09-01 22:20:19.993198');
INSERT INTO comment (post_id, user_id, parent_id, content, deleted, likedNum, created_at, updated_at) VALUES (26, 4, 248, 'Reply 249: This is a nested reply.', FALSE, 2, '2024-09-09 15:45:19.993213', '2024-09-09 15:45:19.993213');
INSERT INTO comment (post_id, user_id, parent_id, content, deleted, likedNum, created_at, updated_at) VALUES (26, 3, 248, 'Reply 250: This is a nested reply.', FALSE, 2, '2024-09-03 02:53:19.993226', '2024-09-03 02:53:19.993226');
INSERT INTO comment (post_id, user_id, content, deleted, likedNum, created_at, updated_at) VALUES (26, 7, 'Comment 251: This is a top-level comment.', FALSE, 3, '2024-08-25 04:11:19.993240', '2024-08-25 04:11:19.993240');
INSERT INTO comment (post_id, user_id, parent_id, content, deleted, likedNum, created_at, updated_at) VALUES (26, 3, 251, 'Reply 252: This is a nested reply.', FALSE, 5, '2024-09-09 16:45:19.993255', '2024-09-09 16:45:19.993255');
INSERT INTO comment (post_id, user_id, parent_id, content, deleted, likedNum, created_at, updated_at) VALUES (26, 10, 251, 'Reply 253: This is a nested reply.', FALSE, 4, '2024-09-12 03:05:19.993268', '2024-09-12 03:05:19.993268');
INSERT INTO comment (post_id, user_id, content, deleted, likedNum, created_at, updated_at) VALUES (27, 4, 'Comment 254: This is a top-level comment.', FALSE, 2, '2024-09-05 12:59:19.993282', '2024-09-05 12:59:19.993282');
INSERT INTO comment (post_id, user_id, parent_id, content, deleted, likedNum, created_at, updated_at) VALUES (27, 8, 254, 'Reply 255: This is a nested reply.', FALSE, 0, '2024-08-23 03:44:19.993297', '2024-08-23 03:44:19.993297');
INSERT INTO comment (post_id, user_id, parent_id, content, deleted, likedNum, created_at, updated_at) VALUES (27, 7, 254, 'Reply 256: This is a nested reply.', FALSE, 1, '2024-09-09 19:03:19.993312', '2024-09-09 19:03:19.993312');
INSERT INTO comment (post_id, user_id, content, deleted, likedNum, created_at, updated_at) VALUES (27, 10, 'Comment 257: This is a top-level comment.', FALSE, 1, '2024-08-21 14:59:19.993325', '2024-08-21 14:59:19.993325');
INSERT INTO comment (post_id, user_id, content, deleted, likedNum, created_at, updated_at) VALUES (27, 2, 'Comment 258: This is a top-level comment.', FALSE, 5, '2024-09-17 15:19:19.993340', '2024-09-17 15:19:19.993340');
INSERT INTO comment (post_id, user_id, content, deleted, likedNum, created_at, updated_at) VALUES (28, 3, 'Comment 259: This is a top-level comment.', FALSE, 8, '2024-09-08 14:30:19.993356', '2024-09-08 14:30:19.993356');
INSERT INTO comment (post_id, user_id, parent_id, content, deleted, likedNum, created_at, updated_at) VALUES (28, 6, 259, 'Reply 260: This is a nested reply.', FALSE, 2, '2024-09-15 12:26:19.993371', '2024-09-15 12:26:19.993371');
INSERT INTO comment (post_id, user_id, parent_id, content, deleted, likedNum, created_at, updated_at) VALUES (28, 8, 259, 'Reply 261: This is a nested reply.', FALSE, 3, '2024-08-28 03:29:19.993383', '2024-08-28 03:29:19.993383');
INSERT INTO comment (post_id, user_id, parent_id, content, deleted, likedNum, created_at, updated_at) VALUES (28, 7, 259, 'Reply 262: This is a nested reply.', FALSE, 2, '2024-09-09 09:54:19.993397', '2024-09-09 09:54:19.993397');
INSERT INTO comment (post_id, user_id, content, deleted, likedNum, created_at, updated_at) VALUES (28, 3, 'Comment 263: This is a top-level comment.', FALSE, 0, '2024-09-08 09:30:19.993409', '2024-09-08 09:30:19.993409');
INSERT INTO comment (post_id, user_id, content, deleted, likedNum, created_at, updated_at) VALUES (28, 1, 'Comment 264: This is a top-level comment.', FALSE, 7, '2024-08-29 13:08:19.993423', '2024-08-29 13:08:19.993423');
INSERT INTO comment (post_id, user_id, parent_id, content, deleted, likedNum, created_at, updated_at) VALUES (28, 4, 264, 'Reply 265: This is a nested reply.', FALSE, 0, '2024-09-02 18:53:19.993439', '2024-09-02 18:53:19.993439');
INSERT INTO comment (post_id, user_id, parent_id, content, deleted, likedNum, created_at, updated_at) VALUES (28, 5, 264, 'Reply 266: This is a nested reply.', FALSE, 4, '2024-09-16 03:50:19.993453', '2024-09-16 03:50:19.993453');
INSERT INTO comment (post_id, user_id, parent_id, content, deleted, likedNum, created_at, updated_at) VALUES (28, 6, 264, 'Reply 267: This is a nested reply.', FALSE, 3, '2024-09-10 09:46:19.993466', '2024-09-10 09:46:19.993466');
INSERT INTO comment (post_id, user_id, content, deleted, likedNum, created_at, updated_at) VALUES (28, 4, 'Comment 268: This is a top-level comment.', FALSE, 9, '2024-09-14 20:41:19.993479', '2024-09-14 20:41:19.993479');
INSERT INTO comment (post_id, user_id, parent_id, content, deleted, likedNum, created_at, updated_at) VALUES (28, 2, 268, 'Reply 269: This is a nested reply.', FALSE, 3, '2024-08-29 07:45:19.993493', '2024-08-29 07:45:19.993493');
INSERT INTO comment (post_id, user_id, content, deleted, likedNum, created_at, updated_at) VALUES (29, 8, 'Comment 270: This is a top-level comment.', FALSE, 6, '2024-09-13 23:29:19.993508', '2024-09-13 23:29:19.993508');
INSERT INTO comment (post_id, user_id, parent_id, content, deleted, likedNum, created_at, updated_at) VALUES (29, 6, 270, 'Reply 271: This is a nested reply.', FALSE, 4, '2024-09-17 22:26:19.993523', '2024-09-17 22:26:19.993523');
INSERT INTO comment (post_id, user_id, content, deleted, likedNum, created_at, updated_at) VALUES (29, 3, 'Comment 272: This is a top-level comment.', FALSE, 2, '2024-09-17 14:30:19.993537', '2024-09-17 14:30:19.993537');
INSERT INTO comment (post_id, user_id, parent_id, content, deleted, likedNum, created_at, updated_at) VALUES (29, 7, 272, 'Reply 273: This is a nested reply.', FALSE, 5, '2024-09-11 05:01:19.993551', '2024-09-11 05:01:19.993551');
INSERT INTO comment (post_id, user_id, parent_id, content, deleted, likedNum, created_at, updated_at) VALUES (29, 6, 272, 'Reply 274: This is a nested reply.', FALSE, 0, '2024-08-22 08:21:19.993565', '2024-08-22 08:21:19.993565');
INSERT INTO comment (post_id, user_id, content, deleted, likedNum, created_at, updated_at) VALUES (30, 4, 'Comment 275: This is a top-level comment.', FALSE, 2, '2024-08-24 06:35:19.993579', '2024-08-24 06:35:19.993579');
INSERT INTO comment (post_id, user_id, content, deleted, likedNum, created_at, updated_at) VALUES (30, 6, 'Comment 276: This is a top-level comment.', FALSE, 8, '2024-09-17 05:30:19.993594', '2024-09-17 05:30:19.993594');
INSERT INTO comment (post_id, user_id, parent_id, content, deleted, likedNum, created_at, updated_at) VALUES (30, 3, 276, 'Reply 277: This is a nested reply.', FALSE, 3, '2024-08-22 04:57:19.993608', '2024-08-22 04:57:19.993608');
INSERT INTO comment (post_id, user_id, parent_id, content, deleted, likedNum, created_at, updated_at) VALUES (30, 10, 276, 'Reply 278: This is a nested reply.', FALSE, 1, '2024-08-27 06:01:19.993623', '2024-08-27 06:01:19.993623');
INSERT INTO comment (post_id, user_id, parent_id, content, deleted, likedNum, created_at, updated_at) VALUES (29, 3, 18, 'Reply 1000: This is an additional nested reply.', FALSE, 4, '2024-09-05 13:08:07.997615', '2024-09-05 13:08:07.997615');
INSERT INTO comment (post_id, user_id, parent_id, content, deleted, likedNum, created_at, updated_at) VALUES (19, 4, 88, 'Reply 1001: This is an additional nested reply.', FALSE, 4, '2024-09-17 17:31:07.997652', '2024-09-17 17:31:07.997652');
INSERT INTO comment (post_id, user_id, parent_id, content, deleted, likedNum, created_at, updated_at) VALUES (7, 10, 96, 'Reply 1002: This is an additional nested reply.', FALSE, 3, '2024-09-01 16:38:07.997666', '2024-09-01 16:38:07.997666');
INSERT INTO comment (post_id, user_id, parent_id, content, deleted, likedNum, created_at, updated_at) VALUES (16, 1, 48, 'Reply 1003: This is an additional nested reply.', FALSE, 5, '2024-09-07 19:20:07.997677', '2024-09-07 19:20:07.997677');
INSERT INTO comment (post_id, user_id, parent_id, content, deleted, likedNum, created_at, updated_at) VALUES (24, 4, 95, 'Reply 1004: This is an additional nested reply.', FALSE, 0, '2024-08-22 02:49:07.997687', '2024-08-22 02:49:07.997687');
INSERT INTO comment (post_id, user_id, parent_id, content, deleted, likedNum, created_at, updated_at) VALUES (28, 9, 29, 'Reply 1005: This is an additional nested reply.', FALSE, 2, '2024-08-23 08:57:07.997696', '2024-08-23 08:57:07.997696');
INSERT INTO comment (post_id, user_id, parent_id, content, deleted, likedNum, created_at, updated_at) VALUES (15, 1, 8, 'Reply 1006: This is an additional nested reply.', FALSE, 0, '2024-08-27 03:34:07.997707', '2024-08-27 03:34:07.997707');
INSERT INTO comment (post_id, user_id, parent_id, content, deleted, likedNum, created_at, updated_at) VALUES (27, 6, 47, 'Reply 1007: This is an additional nested reply.', FALSE, 1, '2024-09-06 11:38:07.997718', '2024-09-06 11:38:07.997718');
INSERT INTO comment (post_id, user_id, parent_id, content, deleted, likedNum, created_at, updated_at) VALUES (17, 4, 77, 'Reply 1008: This is an additional nested reply.', FALSE, 4, '2024-09-13 03:49:07.997728', '2024-09-13 03:49:07.997728');
INSERT INTO comment (post_id, user_id, parent_id, content, deleted, likedNum, created_at, updated_at) VALUES (30, 3, 54, 'Reply 1009: This is an additional nested reply.', FALSE, 3, '2024-08-28 23:21:07.997738', '2024-08-28 23:21:07.997738');
INSERT INTO comment (post_id, user_id, parent_id, content, deleted, likedNum, created_at, updated_at) VALUES (6, 8, 77, 'Reply 1010: This is an additional nested reply.', FALSE, 5, '2024-09-10 08:07:07.997747', '2024-09-10 08:07:07.997747');
INSERT INTO comment (post_id, user_id, parent_id, content, deleted, likedNum, created_at, updated_at) VALUES (29, 1, 100, 'Reply 1011: This is an additional nested reply.', FALSE, 0, '2024-09-11 12:36:07.997756', '2024-09-11 12:36:07.997756');
INSERT INTO comment (post_id, user_id, parent_id, content, deleted, likedNum, created_at, updated_at) VALUES (13, 9, 6, 'Reply 1012: This is an additional nested reply.', FALSE, 4, '2024-09-13 00:34:07.997765', '2024-09-13 00:34:07.997765');
INSERT INTO comment (post_id, user_id, parent_id, content, deleted, likedNum, created_at, updated_at) VALUES (13, 9, 35, 'Reply 1013: This is an additional nested reply.', FALSE, 0, '2024-08-30 05:36:07.997774', '2024-08-30 05:36:07.997774');
INSERT INTO comment (post_id, user_id, parent_id, content, deleted, likedNum, created_at, updated_at) VALUES (24, 9, 67, 'Reply 1014: This is an additional nested reply.', FALSE, 1, '2024-09-04 01:20:07.997801', '2024-09-04 01:20:07.997801');
INSERT INTO comment (post_id, user_id, parent_id, content, deleted, likedNum, created_at, updated_at) VALUES (1, 9, 65, 'Reply 1015: This is an additional nested reply.', FALSE, 2, '2024-09-15 03:09:07.997816', '2024-09-15 03:09:07.997816');
INSERT INTO comment (post_id, user_id, parent_id, content, deleted, likedNum, created_at, updated_at) VALUES (30, 10, 95, 'Reply 1016: This is an additional nested reply.', FALSE, 1, '2024-09-10 02:47:07.997827', '2024-09-10 02:47:07.997827');
INSERT INTO comment (post_id, user_id, parent_id, content, deleted, likedNum, created_at, updated_at) VALUES (18, 4, 33, 'Reply 1017: This is an additional nested reply.', FALSE, 3, '2024-09-19 10:10:07.997842', '2024-09-19 10:10:07.997842');
INSERT INTO comment (post_id, user_id, parent_id, content, deleted, likedNum, created_at, updated_at) VALUES (20, 3, 61, 'Reply 1018: This is an additional nested reply.', FALSE, 3, '2024-09-18 20:27:07.997857', '2024-09-18 20:27:07.997857');
INSERT INTO comment (post_id, user_id, parent_id, content, deleted, likedNum, created_at, updated_at) VALUES (3, 5, 18, 'Reply 1019: This is an additional nested reply.', FALSE, 3, '2024-09-19 08:49:07.997881', '2024-09-19 08:49:07.997881');
INSERT INTO comment (post_id, user_id, parent_id, content, deleted, likedNum, created_at, updated_at) VALUES (13, 1, 11, 'Reply 1020: This is an additional nested reply.', FALSE, 2, '2024-08-28 18:16:07.997897', '2024-08-28 18:16:07.997897');
INSERT INTO comment (post_id, user_id, parent_id, content, deleted, likedNum, created_at, updated_at) VALUES (2, 2, 90, 'Reply 1021: This is an additional nested reply.', FALSE, 4, '2024-09-05 06:10:07.997906', '2024-09-05 06:10:07.997906');
INSERT INTO comment (post_id, user_id, parent_id, content, deleted, likedNum, created_at, updated_at) VALUES (25, 8, 35, 'Reply 1022: This is an additional nested reply.', FALSE, 2, '2024-09-15 14:28:07.997915', '2024-09-15 14:28:07.997915');
INSERT INTO comment (post_id, user_id, parent_id, content, deleted, likedNum, created_at, updated_at) VALUES (25, 1, 50, 'Reply 1023: This is an additional nested reply.', FALSE, 3, '2024-08-27 04:32:07.997924', '2024-08-27 04:32:07.997924');
INSERT INTO comment (post_id, user_id, parent_id, content, deleted, likedNum, created_at, updated_at) VALUES (29, 10, 48, 'Reply 1024: This is an additional nested reply.', FALSE, 0, '2024-09-01 08:11:07.997934', '2024-09-01 08:11:07.997934');
INSERT INTO comment (post_id, user_id, parent_id, content, deleted, likedNum, created_at, updated_at) VALUES (21, 10, 32, 'Reply 1025: This is an additional nested reply.', FALSE, 5, '2024-09-14 23:12:07.997943', '2024-09-14 23:12:07.997943');
INSERT INTO comment (post_id, user_id, parent_id, content, deleted, likedNum, created_at, updated_at) VALUES (27, 10, 55, 'Reply 1026: This is an additional nested reply.', FALSE, 0, '2024-08-26 09:51:07.997952', '2024-08-26 09:51:07.997952');
INSERT INTO comment (post_id, user_id, parent_id, content, deleted, likedNum, created_at, updated_at) VALUES (5, 6, 57, 'Reply 1027: This is an additional nested reply.', FALSE, 0, '2024-09-12 06:11:07.997961', '2024-09-12 06:11:07.997961');
INSERT INTO comment (post_id, user_id, parent_id, content, deleted, likedNum, created_at, updated_at) VALUES (5, 5, 86, 'Reply 1028: This is an additional nested reply.', FALSE, 2, '2024-09-05 17:12:07.997970', '2024-09-05 17:12:07.997970');
INSERT INTO comment (post_id, user_id, parent_id, content, deleted, likedNum, created_at, updated_at) VALUES (11, 2, 18, 'Reply 1029: This is an additional nested reply.', FALSE, 1, '2024-09-19 07:24:07.997979', '2024-09-19 07:24:07.997979');
INSERT INTO comment (post_id, user_id, parent_id, content, deleted, likedNum, created_at, updated_at) VALUES (3, 10, 97, 'Reply 1030: This is an additional nested reply.', FALSE, 3, '2024-09-12 15:20:07.998001', '2024-09-12 15:20:07.998001');
INSERT INTO comment (post_id, user_id, parent_id, content, deleted, likedNum, created_at, updated_at) VALUES (19, 5, 82, 'Reply 1031: This is an additional nested reply.', FALSE, 2, '2024-09-05 08:39:07.998010', '2024-09-05 08:39:07.998010');
INSERT INTO comment (post_id, user_id, parent_id, content, deleted, likedNum, created_at, updated_at) VALUES (25, 5, 20, 'Reply 1032: This is an additional nested reply.', FALSE, 3, '2024-08-24 04:06:07.998021', '2024-08-24 04:06:07.998021');
INSERT INTO comment (post_id, user_id, parent_id, content, deleted, likedNum, created_at, updated_at) VALUES (25, 9, 55, 'Reply 1033: This is an additional nested reply.', FALSE, 0, '2024-09-08 15:11:07.998036', '2024-09-08 15:11:07.998036');
INSERT INTO comment (post_id, user_id, parent_id, content, deleted, likedNum, created_at, updated_at) VALUES (10, 2, 12, 'Reply 1034: This is an additional nested reply.', FALSE, 5, '2024-09-11 23:56:07.998047', '2024-09-11 23:56:07.998047');
INSERT INTO comment (post_id, user_id, parent_id, content, deleted, likedNum, created_at, updated_at) VALUES (6, 2, 65, 'Reply 1035: This is an additional nested reply.', FALSE, 4, '2024-09-18 01:35:07.998056', '2024-09-18 01:35:07.998056');
INSERT INTO comment (post_id, user_id, parent_id, content, deleted, likedNum, created_at, updated_at) VALUES (27, 9, 18, 'Reply 1036: This is an additional nested reply.', FALSE, 5, '2024-09-11 09:28:07.998065', '2024-09-11 09:28:07.998065');
INSERT INTO comment (post_id, user_id, parent_id, content, deleted, likedNum, created_at, updated_at) VALUES (1, 9, 7, 'Reply 1037: This is an additional nested reply.', FALSE, 2, '2024-09-03 19:55:07.998076', '2024-09-03 19:55:07.998076');
INSERT INTO comment (post_id, user_id, parent_id, content, deleted, likedNum, created_at, updated_at) VALUES (16, 10, 69, 'Reply 1038: This is an additional nested reply.', FALSE, 5, '2024-09-03 02:16:07.998085', '2024-09-03 02:16:07.998085');
INSERT INTO comment (post_id, user_id, parent_id, content, deleted, likedNum, created_at, updated_at) VALUES (15, 10, 3, 'Reply 1039: This is an additional nested reply.', FALSE, 4, '2024-09-17 13:08:07.998094', '2024-09-17 13:08:07.998094');
INSERT INTO comment (post_id, user_id, parent_id, content, deleted, likedNum, created_at, updated_at) VALUES (5, 7, 46, 'Reply 1040: This is an additional nested reply.', FALSE, 5, '2024-09-07 16:09:07.998103', '2024-09-07 16:09:07.998103');
INSERT INTO comment (post_id, user_id, parent_id, content, deleted, likedNum, created_at, updated_at) VALUES (15, 2, 64, 'Reply 1041: This is an additional nested reply.', FALSE, 0, '2024-09-03 16:26:07.998119', '2024-09-03 16:26:07.998119');
INSERT INTO comment (post_id, user_id, parent_id, content, deleted, likedNum, created_at, updated_at) VALUES (9, 10, 41, 'Reply 1042: This is an additional nested reply.', FALSE, 0, '2024-09-17 22:37:07.998128', '2024-09-17 22:37:07.998128');
INSERT INTO comment (post_id, user_id, parent_id, content, deleted, likedNum, created_at, updated_at) VALUES (21, 5, 43, 'Reply 1043: This is an additional nested reply.', FALSE, 2, '2024-09-02 18:56:07.998138', '2024-09-02 18:56:07.998138');
INSERT INTO comment (post_id, user_id, parent_id, content, deleted, likedNum, created_at, updated_at) VALUES (10, 1, 26, 'Reply 1044: This is an additional nested reply.', FALSE, 1, '2024-08-31 17:04:07.998152', '2024-08-31 17:04:07.998152');
INSERT INTO comment (post_id, user_id, parent_id, content, deleted, likedNum, created_at, updated_at) VALUES (19, 1, 71, 'Reply 1045: This is an additional nested reply.', FALSE, 4, '2024-09-16 13:38:07.998167', '2024-09-16 13:38:07.998167');
INSERT INTO comment (post_id, user_id, parent_id, content, deleted, likedNum, created_at, updated_at) VALUES (3, 2, 61, 'Reply 1046: This is an additional nested reply.', FALSE, 3, '2024-08-22 12:30:07.998179', '2024-08-22 12:30:07.998179');
INSERT INTO comment (post_id, user_id, parent_id, content, deleted, likedNum, created_at, updated_at) VALUES (6, 8, 65, 'Reply 1047: This is an additional nested reply.', FALSE, 1, '2024-08-20 10:24:07.998201', '2024-08-20 10:24:07.998201');
INSERT INTO comment (post_id, user_id, parent_id, content, deleted, likedNum, created_at, updated_at) VALUES (9, 6, 14, 'Reply 1048: This is an additional nested reply.', FALSE, 0, '2024-09-04 19:28:07.998214', '2024-09-04 19:28:07.998214');
INSERT INTO comment (post_id, user_id, parent_id, content, deleted, likedNum, created_at, updated_at) VALUES (22, 5, 49, 'Reply 1049: This is an additional nested reply.', FALSE, 1, '2024-09-09 17:35:07.998228', '2024-09-09 17:35:07.998228');